0,Penelope.Jobe@xs4all.com,Penelope Jobe,NULL,male,uk,18
1,Ouida.Boyter@me.com,Ouida Boyter,NULL,male,tdc,47
2,Wei.Buechner@me.com,Wei Buechner,Chatterbridge,female,be,29
3,Mittie.Mattocks@me.com,Mittie Mattocks,Trilith,female,fr,35
4,Ramonita.Fielder@hotmail.com,Ramonita Fielder,NULL,female,fr,66
5,Julieta.Mccampbell@xs4all.com,Julieta Mccampbell,NULL,male,us,80
6,Janey.Kneip@outlook.com,Janey Kneip,NULL,male,de,47
7,Hiram.Mcnellis@planet.nl,Hiram Mcnellis,NULL,male,us,41
8,Florencio.Kneip@gmail.com,Florencio Kneip,NULL,male,be,41
9,Deloise.Baber@planet.nl,Deloise Baber,NULL,male,de,70
10,Nakisha.Harder@live.com,Nakisha Harder,NULL,male,tdc,52
11,Cinda.Cannaday@me.com,Cinda Cannaday,Cogidoo,female,tdc,52
12,Elmer.Keasey@hotmail.com,Elmer Keasey,Babblestorm,female,fr,72
13,Malinda.Tenner@planet.nl,Malinda Tenner,NULL,female,tdc,48
14,Trudie.Dorais@icloud.com,Trudie Dorais,NULL,male,fr,38
15,Ailene.Mattocks@gmail.com,Ailene Mattocks,NULL,male,uk,73
16,Mirian.Grunewald@gmail.com,Mirian Grunewald,NULL,female,us,27
17,Lavette.Jepsen@hotmail.com,Lavette Jepsen,NULL,female,de,74
18,Penelope.Henslee@outlook.com,Penelope Henslee,NULL,female,fr,56
19,Ouida.Martines@planet.nl,Ouida Martines,NULL,female,us,72
20,Mitzi.Tropea@gmail.com,Mitzi Tropea,NULL,female,de,65
21,Ouida.Rohan@gmail.com,Ouida Rohan,Photofeed,male,us,59
22,Georgann.Dube@outlook.com,Georgann Dube,NULL,female,us,65
23,Hiram.Hibbitts@planet.nl,Hiram Hibbitts,Mydeo,male,tdc,54
24,Vi.Grunewald@xs4all.com,Vi Grunewald,Oyonder,male,us,29
25,Fallon.Tropea@icloud.com,Fallon Tropea,NULL,male,fr,21
26,Irish.Osterman@gmail.com,Irish Osterman,NULL,female,uk,64
27,Kai.Picklesimer@gmail.com,Kai Picklesimer,Skimia,male,us,62
28,Ninfa.Callahan@planet.nl,Ninfa Callahan,Ainyx,male,be,69
29,Shera.Gall@gmail.com,Shera Gall,NULL,male,de,76
30,Benton.Matthes@hotmail.com,Benton Matthes,NULL,female,be,34
31,Anneliese.Knuth@live.com,Anneliese Knuth,NULL,female,tdc,41
32,Carolyn.Gunnell@outlook.com,Carolyn Gunnell,NULL,female,de,63
33,Mckenzie.Sumner@xs4all.com,Mckenzie Sumner,NULL,male,fr,59
34,Alisha.Schaffner@xs4all.com,Alisha Schaffner,NULL,male,tdc,59
35,Anneliese.Melton@me.com,Anneliese Melton,NULL,male,be,43
36,Rebbecca.Petit@planet.nl,Rebbecca Petit,NULL,male,nl,35
37,Kylee.Burd@planet.nl,Kylee Burd,NULL,female,uk,73
38,Neil.Dube@me.com,Neil Dube,NULL,female,be,27
39,Chantel.Penniman@outlook.com,Chantel Penniman,NULL,female,de,23
40,Arnita.Armstead@planet.nl,Arnita Armstead,NULL,female,us,56
41,Una.Seybert@hotmail.com,Una Seybert,NULL,female,nl,62
42,Genia.Virgil@planet.nl,Genia Virgil,Skyble,male,tdc,26
43,Shera.Salvas@me.com,Shera Salvas,NULL,female,nl,46
44,Markita.Resendiz@xs4all.com,Markita Resendiz,NULL,female,nl,80
45,Kacie.Beem@icloud.com,Kacie Beem,NULL,male,de,34
46,Virgie.Mule@me.com,Virgie Mule,NULL,female,nl,48
47,Vasiliki.Corpuz@planet.nl,Vasiliki Corpuz,Livetube,male,de,35
48,Chu.Callahan@planet.nl,Chu Callahan,NULL,female,de,78
49,Sadie.Arocha@hotmail.com,Sadie Arocha,NULL,female,tdc,20
50,Mara.Polich@me.com,Mara Polich,Jatri,male,fr,78
51,Chin.Dakin@hotmail.com,Chin Dakin,NULL,male,be,26
52,Lasandra.Stirling@outlook.com,Lasandra Stirling,NULL,female,uk,23
53,Asuncion.Polich@planet.nl,Asuncion Polich,NULL,female,uk,69
54,Malinda.Stirling@xs4all.com,Malinda Stirling,Bluezoom,female,nl,63
55,Lavette.Berenbaum@gmail.com,Lavette Berenbaum,NULL,female,fr,60
56,Essie.Segundo@outlook.com,Essie Segundo,NULL,female,uk,65
57,Lynetta.Garabedian@gmail.com,Lynetta Garabedian,NULL,male,de,51
58,Mittie.Loso@icloud.com,Mittie Loso,Ainyx,female,tdc,67
59,Bettye.Eisenmann@xs4all.com,Bettye Eisenmann,NULL,female,de,37
60,Hipolito.Orear@live.com,Hipolito Orear,NULL,female,uk,48
61,Johnette.Wurth@outlook.com,Johnette Wurth,NULL,male,tdc,22
62,Susana.Rousey@icloud.com,Susana Rousey,NULL,male,uk,80
63,Lynetta.Wasilewski@outlook.com,Lynetta Wasilewski,Babblestorm,male,uk,74
64,Mckenzie.Doner@planet.nl,Mckenzie Doner,Viva,male,us,75
65,Lani.Dube@xs4all.com,Lani Dube,Oozz,female,uk,27
66,Firstnames.Roebuck@outlook.com,Firstnames Roebuck,Skippad,male,tdc,39
67,Vasiliki.Merrell@live.com,Vasiliki Merrell,Avamm,female,nl,46
68,Fernande.Heap@xs4all.com,Fernande Heap,NULL,female,de,73
69,Janey.Younger@outlook.com,Janey Younger,NULL,male,de,78
70,Werner.Knuth@icloud.com,Werner Knuth,NULL,female,fr,50
71,Tessa.Picklesimer@outlook.com,Tessa Picklesimer,NULL,female,us,59
72,Cris.Petit@outlook.com,Cris Petit,Meevee,female,be,76
73,Twanda.Merrell@live.com,Twanda Merrell,NULL,male,uk,48
74,Merideth.Blumenthal@gmail.com,Merideth Blumenthal,Chatterbridge,female,tdc,28
75,Basilia.Leith@gmail.com,Basilia Leith,NULL,female,fr,69
76,Fallon.Witham@planet.nl,Fallon Witham,Meevee,female,be,78
77,Florencio.Oathout@icloud.com,Florencio Oathout,NULL,male,tdc,41
78,Chin.Mauricio@planet.nl,Chin Mauricio,NULL,female,fr,56
79,Mara.Rohan@me.com,Mara Rohan,NULL,female,de,72
80,Alessandra.Bourassa@outlook.com,Alessandra Bourassa,NULL,male,be,45
81,Penelope.Aguilar@gmail.com,Penelope Aguilar,NULL,male,nl,64
82,Roman.Mauricio@gmail.com,Roman Mauricio,Jabbersphere,male,nl,65
83,Leta.Knuth@hotmail.com,Leta Knuth,NULL,female,nl,39
84,Mariel.Resendiz@gmail.com,Mariel Resendiz,NULL,male,uk,40
85,Carmen.Speller@planet.nl,Carmen Speller,NULL,male,us,50
86,Danette.Carvalho@icloud.com,Danette Carvalho,NULL,male,fr,19
87,Anthony.Scarbrough@hotmail.com,Anthony Scarbrough,NULL,male,tdc,26
88,Garrett.Gustafson@outlook.com,Garrett Gustafson,NULL,male,be,62
89,Irish.Frechette@icloud.com,Irish Frechette,Blogtag,male,nl,29
90,Mirian.Vanderveer@planet.nl,Mirian Vanderveer,NULL,female,be,75
91,Ouida.Grunewald@xs4all.com,Ouida Grunewald,Wikizz,female,de,32
92,Kizzy.Crotty@icloud.com,Kizzy Crotty,NULL,female,be,66
93,Virgie.Hibbitts@planet.nl,Virgie Hibbitts,Bluezoom,male,us,38
94,Charlie.Jobe@planet.nl,Charlie Jobe,Vinte,male,de,25
95,Lasonya.Lueck@outlook.com,Lasonya Lueck,Bluezoom,male,fr,41
96,Susana.Crotty@hotmail.com,Susana Crotty,NULL,male,nl,77
97,Cris.Bray@icloud.com,Cris Bray,NULL,male,fr,32
98,Penelope.Calfee@gmail.com,Penelope Calfee,Centimia,female,be,58
99,Jamar.Monte@live.com,Jamar Monte,NULL,female,nl,75
