PersonId,Email,Name,Company,Gender,Country,Age
0,Sylvia.Walther@outlook.com,Sylvia Walther,Babblestorm,female,se,40
1,Davida.Nader@icloud.com,Davida Nader,Ntag,female,be,28
2,Usha.Larrimore@planet.nl,Usha Larrimore,Mydeo,male,se,67
3,Edythe.Wolanski@planet.nl,Edythe Wolanski,Youopia,male,de,64
4,Chin.Gowans@outlook.com,Chin Gowans,Browsedrive,male,be,46
5,Boyce.Resendiz@xs4all.com,Boyce Resendiz,Cogidoo,male,de,36
6,Cheri.Blevins@gmail.com,Cheri Blevins,Livetube,female,be,24
7,Virgie.Peacock@planet.nl,Virgie Peacock,Babblestorm,female,nl,36
8,Yasmine.Barco@hotmail.com,Yasmine Barco,Meevee,female,de,69
9,Anneliese.Resendiz@outlook.com,Anneliese Resendiz,Jatri,female,nl,78
10,Oliva.Harder@planet.nl,Oliva Harder,Buzzdog,female,be,61
11,Firstnames.Elston@icloud.com,Firstnames Elston,Youopia,female,nl,43
12,Alda.Martines@gmail.com,Alda Martines,Livetube,female,se,22
13,Rebbecca.Seawell@gmail.com,Rebbecca Seawell,Viva,male,be,21
14,Sadie.Venegas@me.com,Sadie Venegas,Skimia,female,se,78
15,Edythe.Wurth@outlook.com,Edythe Wurth,Katz,female,de,46
16,Mariel.Fulp@planet.nl,Mariel Fulp,Ainyx,male,be,58
17,Bettina.Gustafson@xs4all.com,Bettina Gustafson,Ainyx,female,be,35
18,Kai.Kirts@me.com,Kai Kirts,Youfeed,male,de,46
19,Pearline.Salvas@hotmail.com,Pearline Salvas,Layo,male,be,55
20,Agustina.Feinberg@me.com,Agustina Feinberg,Skimia,female,be,73
21,Agustina.Heier@me.com,Agustina Heier,Flipstorm,female,nl,45
22,Kimberlie.Armistead@gmail.com,Kimberlie Armistead,Viva,male,de,26
23,Jannet.Channell@live.com,Jannet Channell,Skippad,male,nl,54
24,Palmira.Resendiz@icloud.com,Palmira Resendiz,Vimbo,male,nl,46
25,Rodrick.Mule@live.com,Rodrick Mule,Mydeo,female,se,30
26,Buford.Schaffner@outlook.com,Buford Schaffner,Bluezoom,male,nl,75
27,Aretha.Crotty@me.com,Aretha Crotty,Youfeed,male,nl,55
28,Kacie.Blumenthal@hotmail.com,Kacie Blumenthal,Katz,female,be,46
29,Pok.Marco@gmail.com,Pok Marco,Wikizz,male,be,41
30,Sadie.Beem@live.com,Sadie Beem,Trilith,female,de,33
31,Lona.Aguilar@planet.nl,Lona Aguilar,Einti,female,be,19
32,Tiffaney.Gall@gmail.com,Tiffaney Gall,Mydeo,female,nl,28
33,Teena.Harder@planet.nl,Teena Harder,Layo,female,se,54
34,Janey.Tatum@me.com,Janey Tatum,Linktype,female,se,47
35,Isis.Gallant@live.com,Isis Gallant,Linktype,male,se,60
36,Bell.Tooley@planet.nl,Bell Tooley,Skinder,male,se,27
37,Trudie.Mizelle@planet.nl,Trudie Mizelle,Layo,male,be,42
38,Cortez.Pahl@icloud.com,Cortez Pahl,Browsetype,female,nl,35
39,Ailene.Nader@outlook.com,Ailene Nader,Meevee,male,se,46
40,Arnita.Loso@gmail.com,Arnita Loso,Flipstorm,female,se,26
41,Rodrick.Heap@gmail.com,Rodrick Heap,Avamm,male,de,20
42,Essie.Ream@hotmail.com,Essie Ream,Skyble,female,nl,79
43,Nakisha.Doner@xs4all.com,Nakisha Doner,Wikizz,male,de,29
44,Mara.Pender@planet.nl,Mara Pender,Mydeo,male,be,67
45,Zoila.Heider@outlook.com,Zoila Heider,Viva,male,be,78
46,Lili.Gunnell@planet.nl,Lili Gunnell,Photofeed,female,de,79
47,Boyce.Oathout@live.com,Boyce Oathout,Skippad,male,de,36
48,Esta.Mcbay@planet.nl,Esta Mcbay,Flashset,female,se,21
49,Alda.Segundo@icloud.com,Alda Segundo,Linktype,female,se,58
50,Twanna.Younger@outlook.com,Twanna Younger,Skiba,female,de,44
51,Florencio.Vanscyoc@gmail.com,Florencio Vanscyoc,Photofeed,female,be,67
52,Tessa.Vanscyoc@hotmail.com,Tessa Vanscyoc,Babblestorm,male,se,20
53,Edythe.Larrimore@me.com,Edythe Larrimore,Photofeed,male,se,24
54,Queen.Matthes@icloud.com,Queen Matthes,Agivu,female,se,65
55,Hiram.Walther@xs4all.com,Hiram Walther,Babblestorm,female,be,33
56,Essie.Dorais@hotmail.com,Essie Dorais,Trilith,male,nl,52
57,Robbie.Virgil@me.com,Robbie Virgil,Skinder,male,nl,65
58,Hiram.Knuth@xs4all.com,Hiram Knuth,Wikizz,male,de,47
59,Miki.Chipman@xs4all.com,Miki Chipman,Vinte,female,be,50
60,Julieta.Garabedian@planet.nl,Julieta Garabedian,Chatterbridge,male,be,52
61,Norene.Buechner@outlook.com,Norene Buechner,Ainyx,male,be,49
62,Una.Woodward@hotmail.com,Una Woodward,Linktype,female,be,18
63,Lavada.Roebuck@planet.nl,Lavada Roebuck,Youspan,male,se,78
64,Mckenzie.Lueck@me.com,Mckenzie Lueck,Youopia,male,de,19
65,Asuncion.Points@gmail.com,Asuncion Points,Youfeed,male,se,67
66,Kendrick.Mule@outlook.com,Kendrick Mule,Browsetype,male,be,22
67,Celeste.Marco@planet.nl,Celeste Marco,Bluezoom,male,se,22
68,Irish.Grunewald@icloud.com,Irish Grunewald,Skippad,female,nl,49
69,Davida.Wolanski@xs4all.com,Davida Wolanski,Skinder,male,de,69
70,Mckenzie.Vanderveer@outlook.com,Mckenzie Vanderveer,Einti,female,de,67
71,Margarett.Mccampbell@planet.nl,Margarett Mccampbell,Oozz,female,nl,41
72,Alda.Dakin@icloud.com,Alda Dakin,Vinte,male,be,76
73,Jannet.Channell@hotmail.com,Jannet Channell,Jabbersphere,male,de,65
74,Shera.Blumenthal@outlook.com,Shera Blumenthal,Lajo,female,be,49
75,Neta.Henslee@xs4all.com,Neta Henslee,Innotype,female,se,75
76,Toi.Tooker@me.com,Toi Tooker,Lajo,male,se,33
77,Vasiliki.Doner@gmail.com,Vasiliki Doner,Flipstorm,female,nl,80
78,Mariel.Sumner@xs4all.com,Mariel Sumner,Kimia,male,de,34
79,Santiago.Darden@planet.nl,Santiago Darden,Yoveo,female,se,38
80,Sadie.Gowans@planet.nl,Sadie Gowans,Chatterbridge,female,de,37
81,Chantel.Buechner@planet.nl,Chantel Buechner,Blogtag,male,nl,33
82,Roberto.Corpuz@me.com,Roberto Corpuz,Ntag,female,be,56
83,Grant.Grosso@gmail.com,Grant Grosso,Babblestorm,female,de,51
84,Ashleigh.Nader@planet.nl,Ashleigh Nader,Skippad,female,se,27
85,Lanell.Marco@gmail.com,Lanell Marco,Youopia,male,be,68
86,Mckenzie.Calabria@outlook.com,Mckenzie Calabria,Yoveo,female,se,44
87,Rodger.Rohan@outlook.com,Rodger Rohan,Vinte,female,be,55
88,Alda.Pender@gmail.com,Alda Pender,Tagtune,male,nl,69
89,Florencio.Crotty@me.com,Florencio Crotty,Jabbersphere,male,nl,68
90,Chang.Woodward@hotmail.com,Chang Woodward,Livetube,male,be,18
91,Lanell.Kroeger@me.com,Lanell Kroeger,Katz,female,de,21
92,Sergio.Derby@outlook.com,Sergio Derby,Skippad,female,de,56
93,Agustina.Berenbaum@live.com,Agustina Berenbaum,Vinte,male,be,52
94,Lavada.Aguilar@gmail.com,Lavada Aguilar,Cogidoo,female,se,75
95,Markita.Tooley@me.com,Markita Tooley,Layo,female,be,27
96,Wilber.Rollman@xs4all.com,Wilber Rollman,Bluezoom,male,nl,44
97,Syble.Tooker@live.com,Syble Tooker,Yoveo,male,be,58
98,Arnita.Chipman@outlook.com,Arnita Chipman,Livetube,female,se,80
99,Deloise.Carriere@outlook.com,Deloise Carriere,Innotype,male,be,59
100,Irene.Mccaskey@gmail.com,Irene Mccaskey,Cogidoo,female,nl,20
101,Lili.Skyles@icloud.com,Lili Skyles,Kimia,female,se,27
102,Lasonya.Bourassa@me.com,Lasonya Bourassa,Skippad,male,nl,79
103,Carolyn.Gustafson@icloud.com,Carolyn Gustafson,Kimia,female,se,70
104,Kendrick.Buechner@me.com,Kendrick Buechner,Linktype,female,nl,62
105,Kendrick.Dakin@gmail.com,Kendrick Dakin,Tagtune,female,nl,19
106,Cris.Biros@gmail.com,Cris Biros,Youfeed,female,be,38
107,Mariana.Bray@outlook.com,Mariana Bray,Mydeo,male,se,70
108,Ouida.Farless@icloud.com,Ouida Farless,Skimia,male,nl,28
109,Mirian.Garabedian@me.com,Mirian Garabedian,Centimia,female,nl,36
110,Marti.Fitzgibbon@me.com,Marti Fitzgibbon,Oozz,female,be,29
111,Britany.Mule@xs4all.com,Britany Mule,Mydeo,female,se,79
112,Syble.Heap@planet.nl,Syble Heap,Babblestorm,male,be,31
113,Teena.Selleck@icloud.com,Teena Selleck,Cogidoo,female,be,23
114,Isis.Kroeger@icloud.com,Isis Kroeger,Jatri,male,se,62
115,Cheri.Gallant@me.com,Cheri Gallant,Innotype,male,nl,64
116,Rodrick.Lighty@live.com,Rodrick Lighty,Browsedrive,female,de,22
117,Isis.Witmer@hotmail.com,Isis Witmer,Blogtag,female,de,77
118,Agustina.Eisenmann@live.com,Agustina Eisenmann,Centimia,female,be,50
119,Alessandra.Mccampbell@live.com,Alessandra Mccampbell,Vinte,male,be,64
120,Grant.Given@gmail.com,Grant Given,Skimia,female,se,24
121,Davida.Oathout@hotmail.com,Davida Oathout,Skyble,female,se,39
122,Madalene.Gasper@icloud.com,Madalene Gasper,Youspan,male,nl,77
123,Deloise.Vanscyoc@xs4all.com,Deloise Vanscyoc,Centimia,male,se,45
124,Sylvia.Barco@icloud.com,Sylvia Barco,Yoveo,male,be,36
125,Penelope.Resendiz@planet.nl,Penelope Resendiz,Livetube,female,be,53
126,Setsuko.Sumner@icloud.com,Setsuko Sumner,Thoughtbridge,male,se,55
127,Janey.Hibbitts@me.com,Janey Hibbitts,Browsedrive,male,be,61
128,Sandi.Edelen@xs4all.com,Sandi Edelen,Flashset,female,de,30
129,Gertrud.Seawell@icloud.com,Gertrud Seawell,Skippad,male,be,51
130,Dalila.Dressler@planet.nl,Dalila Dressler,Yoveo,male,se,37
131,Lasandra.Penniman@icloud.com,Lasandra Penniman,Einti,male,de,51
132,Cinda.Vanscyoc@xs4all.com,Cinda Vanscyoc,Blogtag,male,se,39
133,Neta.Knuth@planet.nl,Neta Knuth,Tagtune,female,se,46
134,Irene.Buechner@xs4all.com,Irene Buechner,Skimia,male,de,23
135,Asuncion.Harder@planet.nl,Asuncion Harder,Photofeed,male,nl,22
136,Colene.Derby@outlook.com,Colene Derby,Yoveo,male,de,35
137,Mara.Mule@live.com,Mara Mule,Lajo,male,be,46
138,Judi.Gustafson@icloud.com,Judi Gustafson,Ntag,male,de,63
139,Mitzi.Fuselier@outlook.com,Mitzi Fuselier,Chatterbridge,male,se,28
140,Essie.Tropea@xs4all.com,Essie Tropea,Ntag,male,be,55
141,Ailene.Vanderveer@planet.nl,Ailene Vanderveer,Thoughtbridge,male,be,63
142,Davida.Callahan@gmail.com,Davida Callahan,Oozz,female,de,75
143,Hui.Osterman@planet.nl,Hui Osterman,Photofeed,female,se,59
144,Werner.Sheely@hotmail.com,Werner Sheely,Ainyx,male,se,22
145,Sandi.Armistead@hotmail.com,Sandi Armistead,Centimia,male,de,54
146,Ashleigh.Netter@hotmail.com,Ashleigh Netter,Youfeed,female,nl,57
147,Denice.Gebhardt@live.com,Denice Gebhardt,Einti,female,de,80
148,Miki.Kirts@me.com,Miki Kirts,Mydeo,female,de,56
149,Miyoko.Speller@live.com,Miyoko Speller,Centimia,male,se,37
150,Romaine.Kawamura@outlook.com,Romaine Kawamura,Skiba,female,nl,20
151,Margarett.Mattocks@me.com,Margarett Mattocks,Photofeed,male,de,62
152,Leta.Netter@gmail.com,Leta Netter,Skiba,female,be,52
153,Phebe.Jain@hotmail.com,Phebe Jain,Centimia,female,nl,37
154,Anneliese.Corpuz@planet.nl,Anneliese Corpuz,Meevee,male,be,37
155,Mittie.Edelen@live.com,Mittie Edelen,Yoveo,female,be,65
156,Jodee.Blevins@me.com,Jodee Blevins,Centimia,female,be,43
157,Concha.Mcnellis@outlook.com,Concha Mcnellis,Yoveo,male,be,33
158,Vasiliki.Callahan@icloud.com,Vasiliki Callahan,Yoveo,female,be,28
159,Susana.Armstead@xs4all.com,Susana Armstead,Layo,male,be,28
160,Trisha.Didonato@hotmail.com,Trisha Didonato,Innotype,male,se,20
161,Cira.Jain@outlook.com,Cira Jain,Skyble,female,se,33
162,Zoila.Lueck@planet.nl,Zoila Lueck,Buzzdog,male,nl,59
163,Lasandra.Lighty@planet.nl,Lasandra Lighty,Jatri,male,se,51
164,Edythe.Matthes@icloud.com,Edythe Matthes,Babblestorm,male,de,58
165,Johnette.Gasper@planet.nl,Johnette Gasper,Katz,male,be,29
166,Kylee.Mccampbell@planet.nl,Kylee Mccampbell,Cogidoo,female,se,26
167,Lila.Kawamura@gmail.com,Lila Kawamura,Skippad,male,nl,42
168,Neil.Given@icloud.com,Neil Given,Youfeed,female,be,25
169,Una.Pender@outlook.com,Una Pender,Layo,female,de,44
170,Lani.Wurth@hotmail.com,Lani Wurth,Chatterbridge,male,be,25
171,Penelope.Kawamura@live.com,Penelope Kawamura,Flashset,female,de,63
172,Kizzy.Fitzgibbon@hotmail.com,Kizzy Fitzgibbon,Chatterbridge,male,se,74
173,Virgie.Kamel@xs4all.com,Virgie Kamel,Viva,female,be,73
174,Twanda.Osterman@icloud.com,Twanda Osterman,Blogtag,male,nl,64
175,Leta.Tenner@xs4all.com,Leta Tenner,Centimia,male,be,47
176,Jamar.Heap@outlook.com,Jamar Heap,Einti,female,be,20
177,Keisha.Berenbaum@me.com,Keisha Berenbaum,Meevee,female,se,29
178,Zoila.Tropea@outlook.com,Zoila Tropea,Skimia,male,nl,53
179,Nakisha.Feinberg@live.com,Nakisha Feinberg,Ainyx,female,se,40
180,Queen.Heier@icloud.com,Queen Heier,Buzzdog,female,se,68
181,Lasandra.Frechette@gmail.com,Lasandra Frechette,Jatri,female,be,27
182,Grant.Armistead@hotmail.com,Grant Armistead,Buzzdog,male,nl,54
183,Firstnames.Mattocks@gmail.com,Firstnames Mattocks,Kimia,female,se,21
184,Palmira.Wurth@xs4all.com,Palmira Wurth,Blogtag,male,be,35
185,Wilber.Kneip@planet.nl,Wilber Kneip,Cogidoo,female,se,42
186,Sylvia.Dube@outlook.com,Sylvia Dube,Skippad,male,nl,73
187,Evelynn.Gasper@hotmail.com,Evelynn Gasper,Skinder,female,nl,77
188,Chu.Biros@live.com,Chu Biros,Vinte,female,se,41
189,Usha.Bensinger@gmail.com,Usha Bensinger,Browsetype,female,be,54
190,Bill.Doner@gmail.com,Bill Doner,Oyonder,male,de,61
191,Sandi.Merrell@planet.nl,Sandi Merrell,Avamm,male,se,58
192,Janita.Osterman@planet.nl,Janita Osterman,Trilith,male,nl,52
193,Neil.Ream@live.com,Neil Ream,Skinder,male,de,55
194,Garrett.Farless@outlook.com,Garrett Farless,Vinte,female,de,70
195,Asuncion.Fuselier@outlook.com,Asuncion Fuselier,Yoveo,female,de,38
196,Hui.Sprayberry@outlook.com,Hui Sprayberry,Thoughtbridge,male,be,59
197,Aretha.Peacock@live.com,Aretha Peacock,Oyonder,male,se,21
198,Donnetta.Salvas@me.com,Donnetta Salvas,Skyble,male,nl,50
199,Kimberlie.Jepsen@xs4all.com,Kimberlie Jepsen,Flipstorm,female,nl,55
200,Lavada.Keasey@live.com,Lavada Keasey,Vinte,male,de,70
201,Deloise.Peacock@planet.nl,Deloise Peacock,Vimbo,male,se,64
202,Evelynn.Smolen@me.com,Evelynn Smolen,Innotype,female,se,38
203,Charlott.Armstead@hotmail.com,Charlott Armstead,Flipstorm,male,nl,78
204,Judi.Hibbitts@outlook.com,Judi Hibbitts,Bluezoom,female,be,21
205,Carolyn.Feinberg@live.com,Carolyn Feinberg,Innotype,male,nl,22
206,Charlott.Edelen@hotmail.com,Charlott Edelen,Lajo,female,be,33
207,Marti.Roebuck@xs4all.com,Marti Roebuck,Buzzdog,male,de,32
208,Agustina.Darden@live.com,Agustina Darden,Thoughtbridge,female,de,38
209,Noreen.Callahan@hotmail.com,Noreen Callahan,Jatri,male,be,63
210,Wilber.Dube@live.com,Wilber Dube,Centimia,male,se,75
211,Chantel.Osterman@outlook.com,Chantel Osterman,Chatterbridge,male,be,21
212,Providencia.Orear@outlook.com,Providencia Orear,Youspan,male,de,41
213,Markita.Wurth@gmail.com,Markita Wurth,Skinder,female,be,51
214,Phebe.Pahl@icloud.com,Phebe Pahl,Youspan,female,nl,34
215,Setsuko.Harder@planet.nl,Setsuko Harder,Einti,male,se,56
216,Ming.Vanscyoc@me.com,Ming Vanscyoc,Viva,female,nl,68
217,Usha.Gowans@live.com,Usha Gowans,Skyble,male,nl,44
218,Essie.Pender@outlook.com,Essie Pender,Youspan,male,be,80
219,Tiffaney.Dressler@outlook.com,Tiffaney Dressler,Viva,female,be,77
220,Ashley.Merrell@outlook.com,Ashley Merrell,Yoveo,male,be,60
221,Lanell.Witham@me.com,Lanell Witham,Blogtag,male,se,40
222,Danette.Darden@live.com,Danette Darden,Mydeo,female,de,27
223,Marti.Heier@me.com,Marti Heier,Oyonder,female,nl,68
224,Providencia.Wasilewski@outlook.com,Providencia Wasilewski,Innotype,female,de,56
225,Virgie.Hibbitts@gmail.com,Virgie Hibbitts,Ntag,male,be,47
226,Genia.Grosso@icloud.com,Genia Grosso,Katz,female,se,39
227,Lani.Peacock@outlook.com,Lani Peacock,Skimia,female,se,49
228,Fernande.Barco@gmail.com,Fernande Barco,Browsetype,female,be,69
229,Romaine.Heier@gmail.com,Romaine Heier,Oyonder,female,de,61
230,Sharice.Jager@planet.nl,Sharice Jager,Bluezoom,male,be,41
231,Phebe.Pattillo@gmail.com,Phebe Pattillo,Centimia,male,nl,50
232,Kai.Martines@hotmail.com,Kai Martines,Photofeed,female,nl,20
233,Romaine.Pender@outlook.com,Romaine Pender,Babblestorm,female,be,66
234,Sharice.Beem@hotmail.com,Sharice Beem,Skimia,female,be,34
235,Palmira.Bensinger@icloud.com,Palmira Bensinger,Lajo,male,nl,39
236,Kendrick.Gebhardt@gmail.com,Kendrick Gebhardt,Avamm,male,de,33
237,Kacie.Feinberg@live.com,Kacie Feinberg,Bluezoom,male,be,38
238,Benton.Seybert@xs4all.com,Benton Seybert,Katz,male,nl,76
239,Fernande.Kneip@icloud.com,Fernande Kneip,Trilith,male,de,41
240,Carmen.Gall@gmail.com,Carmen Gall,Skippad,male,de,54
241,Trisha.Dockstader@hotmail.com,Trisha Dockstader,Vinte,female,be,29
242,Sirena.Crotty@live.com,Sirena Crotty,Skyble,female,nl,70
243,Regena.Aguilar@me.com,Regena Aguilar,Chatterbridge,male,se,45
244,Basilia.Dressler@outlook.com,Basilia Dressler,Innotype,female,be,46
245,Lila.Cruz@outlook.com,Lila Cruz,Layo,male,de,52
246,Thu.Walther@gmail.com,Thu Walther,Buzzdog,male,de,21
247,Clarice.Roebuck@outlook.com,Clarice Roebuck,Buzzdog,male,de,50
248,Twanda.Wurth@live.com,Twanda Wurth,Vinte,male,be,51
249,Alessandra.Fitzgibbon@outlook.com,Alessandra Fitzgibbon,Ainyx,male,de,71
250,Ashleigh.Berenbaum@xs4all.com,Ashleigh Berenbaum,Kimia,male,de,43
251,Shera.Lueck@me.com,Shera Lueck,Yoveo,male,de,45
252,Colene.Tooley@hotmail.com,Colene Tooley,Kimia,male,de,44
253,Margarett.Canty@icloud.com,Margarett Canty,Youopia,male,be,34
254,Penelope.Mcnellis@outlook.com,Penelope Mcnellis,Blogtag,male,se,44
255,Irish.Jager@xs4all.com,Irish Jager,Photofeed,female,be,79
256,Carmen.Rollman@me.com,Carmen Rollman,Flashset,male,se,76
257,Anneliese.Bensinger@gmail.com,Anneliese Bensinger,Agivu,male,de,29
258,Carmen.Venegas@outlook.com,Carmen Venegas,Skyble,female,se,63
259,Isis.Given@gmail.com,Isis Given,Katz,male,de,46
260,Johnette.Smolen@me.com,Johnette Smolen,Einti,male,de,78
261,Allene.Buechner@me.com,Allene Buechner,Tagtune,male,de,40
262,Ramonita.Tooley@me.com,Ramonita Tooley,Browsetype,male,nl,71
263,Palmira.Demark@gmail.com,Palmira Demark,Skyble,male,be,73
264,Werner.Fielder@gmail.com,Werner Fielder,Browsedrive,female,be,20
265,Kemberly.Speller@hotmail.com,Kemberly Speller,Mydeo,male,se,33
266,Milly.Pender@gmail.com,Milly Pender,Babblestorm,female,be,52
267,Rebbecca.Grosso@me.com,Rebbecca Grosso,Kimia,male,se,22
268,Deloise.Kamel@live.com,Deloise Kamel,Babblestorm,female,se,43
269,Cira.Heier@planet.nl,Cira Heier,Yoveo,female,be,62
270,Lasonya.Kroeker@icloud.com,Lasonya Kroeker,Babblestorm,male,se,40
271,Chin.Patti@gmail.com,Chin Patti,Flashset,female,nl,62
272,Pok.Sumner@gmail.com,Pok Sumner,Trilith,male,de,41
273,Beula.Baber@live.com,Beula Baber,Photofeed,male,de,65
274,Romaine.Mule@live.com,Romaine Mule,Skinder,male,se,42
275,Margurite.Oathout@xs4all.com,Margurite Oathout,Buzzdog,female,de,58
276,Georgann.Wolanski@icloud.com,Georgann Wolanski,Tagtune,female,de,75
277,Pok.Channell@outlook.com,Pok Channell,Browsedrive,female,be,62
278,Janey.Gebhardt@xs4all.com,Janey Gebhardt,Youopia,male,be,67
279,Chang.Mccampbell@live.com,Chang Mccampbell,Youspan,male,se,46
280,Yasmine.Tooker@xs4all.com,Yasmine Tooker,Skippad,female,be,19
281,Bell.Burd@xs4all.com,Bell Burd,Jabbersphere,female,be,74
282,Mariel.Eisenmann@icloud.com,Mariel Eisenmann,Tagtune,female,nl,51
283,Kendal.Leith@me.com,Kendal Leith,Yoveo,female,be,33
284,Leta.Grunewald@planet.nl,Leta Grunewald,Youspan,female,nl,39
285,Carolyn.Sheely@gmail.com,Carolyn Sheely,Bluezoom,female,nl,48
286,Trisha.Frechette@live.com,Trisha Frechette,Flipstorm,male,de,43
287,Jodee.Speller@outlook.com,Jodee Speller,Ntag,male,se,42
288,Jodee.Demark@planet.nl,Jodee Demark,Oozz,female,se,23
289,Keisha.Skyles@icloud.com,Keisha Skyles,Livetube,male,be,70
290,Charlie.Groh@gmail.com,Charlie Groh,Youfeed,female,nl,59
291,Edra.Tropea@outlook.com,Edra Tropea,Cogidoo,male,be,26
292,Tessa.Mcnellis@gmail.com,Tessa Mcnellis,Jabbersphere,male,be,50
293,Esta.Dombrowski@gmail.com,Esta Dombrowski,Youfeed,male,se,63
294,Toi.Arocha@planet.nl,Toi Arocha,Cogidoo,female,nl,52
295,Twanda.Demark@gmail.com,Twanda Demark,Einti,male,be,78
296,Colene.Burd@hotmail.com,Colene Burd,Oozz,female,de,20
297,Zoila.Grunewald@icloud.com,Zoila Grunewald,Trilith,female,nl,19
298,Trisha.Armistead@outlook.com,Trisha Armistead,Linktype,male,be,67
299,Charlie.Tillotson@xs4all.com,Charlie Tillotson,Katz,female,nl,35
300,Essie.Seawell@planet.nl,Essie Seawell,Einti,female,nl,18
301,Concha.Polich@me.com,Concha Polich,Layo,male,nl,22
302,Chang.Matthes@icloud.com,Chang Matthes,Browsetype,male,nl,53
303,Lavada.Chipman@planet.nl,Lavada Chipman,Kimia,female,nl,43
304,Kendal.Tillotson@xs4all.com,Kendal Tillotson,Kimia,male,se,80
305,Nakisha.Jepsen@planet.nl,Nakisha Jepsen,Blogtag,female,de,71
306,Isis.Sumner@icloud.com,Isis Sumner,Cogidoo,male,nl,36
307,Esta.Garabedian@hotmail.com,Esta Garabedian,Mydeo,female,nl,29
308,Mara.Monte@hotmail.com,Mara Monte,Avamm,male,de,21
309,Bill.Gasper@outlook.com,Bill Gasper,Cogidoo,female,de,51
310,Sharice.Pender@live.com,Sharice Pender,Wikizz,male,se,29
311,Machelle.Walther@me.com,Machelle Walther,Browsedrive,female,de,53
312,Precious.Leith@outlook.com,Precious Leith,Babblestorm,male,se,53
313,Malinda.Arocha@xs4all.com,Malinda Arocha,Bluezoom,female,se,43
314,Antony.Oathout@me.com,Antony Oathout,Thoughtbridge,female,nl,20
315,Jamar.Loso@xs4all.com,Jamar Loso,Vimbo,female,be,32
316,Keisha.Peacock@me.com,Keisha Peacock,Centimia,female,se,46
317,Denice.Kneip@planet.nl,Denice Kneip,Youfeed,male,de,25
318,Izola.Fulp@me.com,Izola Fulp,Cogidoo,female,de,38
319,Gertrud.Mizelle@live.com,Gertrud Mizelle,Ntag,male,se,29
320,Werner.Points@gmail.com,Werner Points,Ntag,female,nl,60
321,Pamella.Picklesimer@me.com,Pamella Picklesimer,Innotype,male,de,35
322,Kizzy.Mizelle@planet.nl,Kizzy Mizelle,Livetube,male,nl,42
323,Neil.Kinsey@live.com,Neil Kinsey,Skippad,male,se,57
324,Esta.Larrimore@me.com,Esta Larrimore,Wikizz,male,se,23
325,Jannet.Matthes@planet.nl,Jannet Matthes,Skippad,male,se,65
326,Julieta.Canty@icloud.com,Julieta Canty,Browsedrive,male,se,19
327,Hershel.Kawamura@live.com,Hershel Kawamura,Bluezoom,male,se,72
328,Britany.Aguilar@planet.nl,Britany Aguilar,Chatterbridge,female,be,30
329,Mariana.Cruz@planet.nl,Mariana Cruz,Livetube,male,se,45
330,Lili.Penniman@outlook.com,Lili Penniman,Browsedrive,female,nl,80
331,Celia.Speller@gmail.com,Celia Speller,Livetube,male,be,73
332,Garrett.Darden@icloud.com,Garrett Darden,Innotype,female,de,24
333,Anneliese.Resendiz@xs4all.com,Anneliese Resendiz,Photofeed,female,nl,80
334,Arnita.Groh@hotmail.com,Arnita Groh,Jatri,female,de,80
335,Alisha.Dockstader@outlook.com,Alisha Dockstader,Babblestorm,male,nl,19
336,Teena.Knuth@gmail.com,Teena Knuth,Livetube,male,se,27
337,Clarice.Bourassa@xs4all.com,Clarice Bourassa,Chatterbridge,female,be,78
338,Kendrick.Eisenmann@xs4all.com,Kendrick Eisenmann,Yoveo,female,de,53
339,Kizzy.Nader@outlook.com,Kizzy Nader,Babblestorm,female,se,36
340,Marti.Chipman@hotmail.com,Marti Chipman,Agivu,female,se,40
341,Susana.Gallant@me.com,Susana Gallant,Oyonder,male,be,26
342,Bell.Stirling@gmail.com,Bell Stirling,Livetube,female,se,34
343,Mariel.Boyter@hotmail.com,Mariel Boyter,Trilith,female,se,19
344,Anneliese.Tooker@xs4all.com,Anneliese Tooker,Cogidoo,female,nl,68
345,Trisha.Armstead@me.com,Trisha Armstead,Tagtune,female,be,64
346,Regena.Oathout@xs4all.com,Regena Oathout,Ntag,male,se,43
347,Bill.Jepsen@hotmail.com,Bill Jepsen,Einti,female,nl,29
348,Denice.Ream@icloud.com,Denice Ream,Skyble,male,nl,20
349,Ailene.Didonato@xs4all.com,Ailene Didonato,Jatri,male,nl,55
350,Bill.Callahan@planet.nl,Bill Callahan,Tagtune,female,nl,52
351,Bettina.Tillotson@icloud.com,Bettina Tillotson,Blogtag,male,de,60
352,Amberly.Aguilar@outlook.com,Amberly Aguilar,Youspan,female,nl,64
353,Garrett.Blumenthal@xs4all.com,Garrett Blumenthal,Ntag,male,nl,70
354,Jordon.Melton@icloud.com,Jordon Melton,Livetube,female,be,37
355,Pok.Barco@outlook.com,Pok Barco,Flashset,female,de,52
356,Chantel.Burd@gmail.com,Chantel Burd,Viva,male,de,26
357,Judi.Demark@me.com,Judi Demark,Layo,female,de,46
358,Anthony.Pender@me.com,Anthony Pender,Skippad,male,de,41
359,Celia.Kroeger@live.com,Celia Kroeger,Babblestorm,male,be,28
360,Nevada.Gallant@hotmail.com,Nevada Gallant,Skyble,male,de,63
361,Hui.Tatum@gmail.com,Hui Tatum,Ntag,female,se,25
362,Irene.Armstead@me.com,Irene Armstead,Blogtag,female,be,50
363,Kendrick.Venegas@outlook.com,Kendrick Venegas,Photofeed,male,nl,71
364,Mittie.Given@outlook.com,Mittie Given,Photofeed,male,de,29
365,Celia.Heider@planet.nl,Celia Heider,Skyble,male,be,58
366,Tameka.Venegas@live.com,Tameka Venegas,Ainyx,male,be,32
367,Keisha.Armstead@hotmail.com,Keisha Armstead,Centimia,female,se,33
368,Ming.Edelen@live.com,Ming Edelen,Ntag,female,be,43
369,Irish.Grunewald@outlook.com,Irish Grunewald,Youopia,male,be,50
370,Virgie.Kroeger@outlook.com,Virgie Kroeger,Babblestorm,male,de,39
371,Georgann.Gustafson@planet.nl,Georgann Gustafson,Linktype,female,nl,65
372,Irene.Nader@xs4all.com,Irene Nader,Youfeed,female,nl,64
373,Kimberlie.Kinsey@live.com,Kimberlie Kinsey,Flashset,female,be,49
374,Werner.Gustafson@gmail.com,Werner Gustafson,Youspan,female,de,40
375,Colene.Dressler@me.com,Colene Dressler,Einti,male,be,67
376,Kendrick.Grosso@outlook.com,Kendrick Grosso,Avamm,female,be,30
377,Hui.Tropea@icloud.com,Hui Tropea,Babblestorm,female,de,42
378,Sylvia.Younger@icloud.com,Sylvia Younger,Kimia,female,de,30
379,Kemberly.Aguilar@me.com,Kemberly Aguilar,Browsetype,female,be,47
380,Lavette.Picklesimer@icloud.com,Lavette Picklesimer,Photofeed,male,be,31
381,Genia.Loso@planet.nl,Genia Loso,Babblestorm,female,nl,38
382,Kai.Corpuz@hotmail.com,Kai Corpuz,Katz,male,be,80
383,Tessa.Sprayberry@icloud.com,Tessa Sprayberry,Yoveo,female,se,50
384,Mara.Mccampbell@hotmail.com,Mara Mccampbell,Katz,female,de,19
385,Lasandra.Harder@gmail.com,Lasandra Harder,Cogidoo,male,nl,44
386,Janey.Fulp@me.com,Janey Fulp,Layo,female,nl,78
387,Providencia.Kawamura@icloud.com,Providencia Kawamura,Babblestorm,male,se,19
388,Bell.Points@planet.nl,Bell Points,Vinte,female,se,31
389,Agustina.Jain@live.com,Agustina Jain,Layo,male,se,36
390,Asuncion.Peacock@hotmail.com,Asuncion Peacock,Skippad,male,be,76
391,Miyoko.Carriere@planet.nl,Miyoko Carriere,Yoveo,female,se,23
392,Lila.Lighty@hotmail.com,Lila Lighty,Flashset,female,be,67
393,Kendal.Salvas@live.com,Kendal Salvas,Youfeed,male,be,61
394,Milly.Fuselier@live.com,Milly Fuselier,Wikizz,female,se,48
395,Bettina.Wasilewski@live.com,Bettina Wasilewski,Viva,male,se,18
396,Oliva.Kawamura@icloud.com,Oliva Kawamura,Livetube,female,se,35
397,Toi.Oathout@icloud.com,Toi Oathout,Einti,female,se,30
398,Alessandra.Bourassa@live.com,Alessandra Bourassa,Meevee,male,be,35
399,Miki.Hibbitts@xs4all.com,Miki Hibbitts,Babblestorm,male,be,72
400,Celia.Nader@planet.nl,Celia Nader,Avamm,female,se,49
401,Grant.Gustafson@live.com,Grant Gustafson,Youfeed,female,be,78
402,Romaine.Kneip@xs4all.com,Romaine Kneip,Vimbo,female,de,53
403,Esta.Speller@gmail.com,Esta Speller,Browsedrive,female,nl,21
404,Donnetta.Pender@xs4all.com,Donnetta Pender,Katz,male,se,23
405,Jannet.Dorais@me.com,Jannet Dorais,Blogtag,female,nl,49
406,Wilber.Tooker@gmail.com,Wilber Tooker,Youspan,male,nl,62
407,Zana.Bray@gmail.com,Zana Bray,Vimbo,male,nl,57
408,Julieta.Dakin@planet.nl,Julieta Dakin,Skinder,male,nl,51
409,Clarice.Canty@xs4all.com,Clarice Canty,Viva,male,nl,76
410,Lanell.Demark@hotmail.com,Lanell Demark,Agivu,female,se,55
411,Queen.Corpuz@hotmail.com,Queen Corpuz,Jatri,male,de,44
412,Phebe.Carvalho@me.com,Phebe Carvalho,Thoughtbridge,male,be,44
413,Agustina.Fuselier@xs4all.com,Agustina Fuselier,Skyble,male,de,56
414,Lasandra.Martines@planet.nl,Lasandra Martines,Agivu,male,se,75
415,Concha.Jobe@live.com,Concha Jobe,Jatri,female,nl,27
416,Chantel.Jager@xs4all.com,Chantel Jager,Kimia,female,de,75
417,Cira.Vanderveer@xs4all.com,Cira Vanderveer,Livetube,male,de,38
418,Tessa.Bourassa@gmail.com,Tessa Bourassa,Bluezoom,male,be,44
419,Georgann.Gowans@xs4all.com,Georgann Gowans,Youspan,female,se,47
420,Twanna.Rohan@icloud.com,Twanna Rohan,Skimia,male,be,75
421,Rebbecca.Cannaday@icloud.com,Rebbecca Cannaday,Youfeed,male,se,60
422,Providencia.Blevins@xs4all.com,Providencia Blevins,Vimbo,female,nl,51
423,Cristine.Beem@me.com,Cristine Beem,Skippad,female,se,43
424,Genia.Canty@hotmail.com,Genia Canty,Jabbersphere,male,de,25
425,Queen.Jain@hotmail.com,Queen Jain,Skiba,female,de,60
426,Bruno.Skyles@outlook.com,Bruno Skyles,Skiba,female,de,76
427,Kai.Aguilar@icloud.com,Kai Aguilar,Youopia,female,be,41
428,Norene.Mattocks@planet.nl,Norene Mattocks,Livetube,female,se,61
429,Tameka.Stirling@me.com,Tameka Stirling,Yoveo,female,se,40
430,Evelynn.Grunewald@hotmail.com,Evelynn Grunewald,Ntag,female,nl,55
431,Chin.Pender@xs4all.com,Chin Pender,Youfeed,female,nl,54
432,Syble.Baber@hotmail.com,Syble Baber,Buzzdog,male,se,66
433,Aretha.Canty@xs4all.com,Aretha Canty,Kimia,male,de,18
434,Usha.Tillotson@outlook.com,Usha Tillotson,Babblestorm,female,se,70
435,Fernande.Gasper@xs4all.com,Fernande Gasper,Einti,male,de,72
436,Celia.Burd@live.com,Celia Burd,Chatterbridge,male,be,67
437,Lona.Stirling@me.com,Lona Stirling,Agivu,female,nl,52
438,Ninfa.Selleck@icloud.com,Ninfa Selleck,Cogidoo,male,de,40
439,Jodee.Gallant@me.com,Jodee Gallant,Skimia,female,be,51
440,Ramonita.Polich@xs4all.com,Ramonita Polich,Oozz,male,be,70
441,Irene.Given@planet.nl,Irene Given,Photofeed,female,se,26
442,Celestina.Marco@gmail.com,Celestina Marco,Babblestorm,female,de,62
443,Kemberly.Mccampbell@gmail.com,Kemberly Mccampbell,Trilith,male,be,58
444,Lili.Monte@outlook.com,Lili Monte,Oyonder,female,de,31
445,Jannet.Dressler@icloud.com,Jannet Dressler,Thoughtbridge,male,se,38
446,Carmen.Kroeger@hotmail.com,Carmen Kroeger,Browsetype,female,nl,30
447,Keisha.Skyles@live.com,Keisha Skyles,Browsedrive,male,nl,18
448,Tessa.Cleaves@live.com,Tessa Cleaves,Youfeed,male,se,31
449,Essie.Kamel@live.com,Essie Kamel,Vimbo,male,nl,35
450,Leta.Skyles@outlook.com,Leta Skyles,Mydeo,female,de,74
451,Kai.Callahan@xs4all.com,Kai Callahan,Centimia,female,de,56
452,Miyoko.Aguilar@live.com,Miyoko Aguilar,Tagtune,male,nl,78
453,Zoila.Peacock@planet.nl,Zoila Peacock,Avamm,male,de,67
454,Usha.Gowans@outlook.com,Usha Gowans,Vimbo,male,de,67
455,Grant.Didonato@gmail.com,Grant Didonato,Jabbersphere,male,de,55
456,Neta.Carvalho@gmail.com,Neta Carvalho,Avamm,female,de,25
457,Neta.Blumenthal@hotmail.com,Neta Blumenthal,Meevee,male,be,27
458,Mariel.Knuth@hotmail.com,Mariel Knuth,Browsedrive,female,be,58
459,Jamar.Petit@outlook.com,Jamar Petit,Flipstorm,female,de,65
460,Usha.Kroeker@me.com,Usha Kroeker,Ainyx,female,se,47
461,Margurite.Cruz@icloud.com,Margurite Cruz,Jatri,male,nl,55
462,Chaya.Knuth@me.com,Chaya Knuth,Innotype,female,se,58
463,Asuncion.Patti@planet.nl,Asuncion Patti,Youopia,male,se,70
464,Hui.Petit@icloud.com,Hui Petit,Babblestorm,male,se,72
465,Benton.Petit@planet.nl,Benton Petit,Viva,female,de,25
466,Machelle.Jain@planet.nl,Machelle Jain,Linktype,male,de,20
467,Anneliese.Stirling@planet.nl,Anneliese Stirling,Livetube,male,be,32
468,Robbie.Matthes@hotmail.com,Robbie Matthes,Chatterbridge,female,be,21
469,Johnette.Schaffner@live.com,Johnette Schaffner,Katz,male,se,68
470,Johnette.Dube@icloud.com,Johnette Dube,Einti,female,nl,35
471,Margarett.Fuselier@live.com,Margarett Fuselier,Babblestorm,female,be,48
472,Chin.Frechette@live.com,Chin Frechette,Mydeo,female,be,74
473,Cheri.Rousey@xs4all.com,Cheri Rousey,Youopia,male,be,55
474,Britany.Seybert@me.com,Britany Seybert,Oozz,male,be,52
475,Grant.Mccaskey@live.com,Grant Mccaskey,Skyble,male,be,78
476,Hipolito.Resendiz@outlook.com,Hipolito Resendiz,Jabbersphere,female,se,50
477,Bruno.Didonato@planet.nl,Bruno Didonato,Kimia,female,nl,64
478,Ramonita.Gebhardt@gmail.com,Ramonita Gebhardt,Buzzdog,female,se,78
479,Doloris.Frechette@planet.nl,Doloris Frechette,Centimia,female,se,41
480,Carmen.Channell@me.com,Carmen Channell,Youfeed,male,de,38
481,Colene.Wurth@hotmail.com,Colene Wurth,Skippad,female,nl,25
482,Margurite.Peacock@icloud.com,Margurite Peacock,Viva,male,be,67
483,Kai.Farless@hotmail.com,Kai Farless,Trilith,male,be,20
484,Lanell.Gustafson@outlook.com,Lanell Gustafson,Yoveo,male,se,40
485,Elba.Tooley@gmail.com,Elba Tooley,Skippad,male,se,33
486,Kendrick.Tropea@icloud.com,Kendrick Tropea,Linktype,male,de,78
487,Kendrick.Marco@icloud.com,Kendrick Marco,Layo,male,de,31
488,Cristine.Monte@me.com,Cristine Monte,Thoughtbridge,male,be,25
489,Boyce.Mccaskey@hotmail.com,Boyce Mccaskey,Jabbersphere,female,se,45
490,Oliva.Gowans@planet.nl,Oliva Gowans,Jatri,male,de,44
491,Virgie.Garabedian@me.com,Virgie Garabedian,Youfeed,female,de,41
492,Cristine.Armstead@gmail.com,Cristine Armstead,Jatri,female,se,80
493,Werner.Dube@gmail.com,Werner Dube,Meevee,female,de,33
494,Cinda.Loso@outlook.com,Cinda Loso,Avamm,male,be,33
495,Colene.Penniman@gmail.com,Colene Penniman,Katz,female,nl,34
496,Providencia.Pattillo@xs4all.com,Providencia Pattillo,Skippad,female,nl,72
497,Georgann.Gustafson@live.com,Georgann Gustafson,Youopia,male,be,70
498,Allene.Tenner@outlook.com,Allene Tenner,Photofeed,female,de,45
499,Kacie.Pattillo@outlook.com,Kacie Pattillo,Livetube,female,se,58
500,Roberto.Kroeker@hotmail.com,Roberto Kroeker,Skiba,male,se,24
501,Zana.Scarbrough@xs4all.com,Zana Scarbrough,Skimia,female,be,43
502,Mckenzie.Kneip@icloud.com,Mckenzie Kneip,Linktype,female,se,25
503,Marti.Witham@live.com,Marti Witham,Babblestorm,female,de,26
504,Sylvia.Blevins@live.com,Sylvia Blevins,Layo,male,be,47
505,Merideth.Kawamura@xs4all.com,Merideth Kawamura,Flashset,female,be,36
506,Kendal.Mirando@planet.nl,Kendal Mirando,Browsetype,female,be,39
507,Shera.Hibbitts@xs4all.com,Shera Hibbitts,Vinte,female,nl,41
508,Sadie.Demark@planet.nl,Sadie Demark,Livetube,male,nl,69
509,Rebbecca.Harder@live.com,Rebbecca Harder,Viva,female,nl,32
510,Mitzi.Orear@outlook.com,Mitzi Orear,Vinte,male,nl,34
511,Mitzi.Gustafson@gmail.com,Mitzi Gustafson,Vimbo,female,de,48
512,Queen.Tatum@me.com,Queen Tatum,Cogidoo,male,nl,33
513,Leta.Calfee@icloud.com,Leta Calfee,Ntag,female,de,56
514,Garrett.Dockstader@planet.nl,Garrett Dockstader,Mydeo,female,de,75
515,Romaine.Keasey@me.com,Romaine Keasey,Thoughtbridge,female,se,36
516,Britany.Osterman@me.com,Britany Osterman,Centimia,male,nl,38
517,Arnita.Roebuck@xs4all.com,Arnita Roebuck,Avamm,female,nl,43
518,Providencia.Calabria@hotmail.com,Providencia Calabria,Browsetype,male,se,49
519,Pok.Lueck@xs4all.com,Pok Lueck,Chatterbridge,female,be,31
520,Cristine.Resendiz@icloud.com,Cristine Resendiz,Lajo,female,de,77
521,Mariana.Gasper@xs4all.com,Mariana Gasper,Viva,female,se,80
522,Lasandra.Doner@gmail.com,Lasandra Doner,Chatterbridge,female,de,55
523,Merideth.Gall@live.com,Merideth Gall,Ntag,male,nl,66
524,Evelynn.Matthes@planet.nl,Evelynn Matthes,Avamm,female,be,43
525,Kai.Heider@icloud.com,Kai Heider,Skippad,male,de,48
526,Alda.Mcnellis@xs4all.com,Alda Mcnellis,Skimia,male,de,71
527,Cheri.Edelen@gmail.com,Cheri Edelen,Skippad,male,se,23
528,Trudie.Mcnellis@xs4all.com,Trudie Mcnellis,Livetube,male,de,52
529,Mirian.Witham@icloud.com,Mirian Witham,Einti,female,de,30
530,Lanell.Mirando@outlook.com,Lanell Mirando,Cogidoo,female,se,74
531,Trudie.Virgil@hotmail.com,Trudie Virgil,Buzzdog,male,se,39
532,Oliva.Bray@outlook.com,Oliva Bray,Lajo,male,be,26
533,Rodger.Carriere@gmail.com,Rodger Carriere,Youfeed,female,nl,46
534,Edythe.Feinberg@outlook.com,Edythe Feinberg,Ainyx,male,be,46
535,Ramonita.Lueck@icloud.com,Ramonita Lueck,Youfeed,female,de,36
536,Lila.Tillotson@hotmail.com,Lila Tillotson,Wikizz,female,nl,64
537,Janita.Gallant@hotmail.com,Janita Gallant,Layo,female,de,24
538,Kemberly.Dorais@me.com,Kemberly Dorais,Skinder,male,be,28
539,Wonda.Wolanski@xs4all.com,Wonda Wolanski,Livetube,female,se,24
540,Kendal.Mcnellis@gmail.com,Kendal Mcnellis,Centimia,male,be,56
541,Rhea.Tropea@planet.nl,Rhea Tropea,Buzzdog,male,se,36
542,Cris.Wasilewski@xs4all.com,Cris Wasilewski,Thoughtbridge,female,be,52
543,Johnette.Mirando@gmail.com,Johnette Mirando,Kimia,female,se,77
544,Esta.Vaden@xs4all.com,Esta Vaden,Skyble,male,se,50
545,Werner.Cleaves@gmail.com,Werner Cleaves,Oyonder,female,be,27
546,Celestina.Kneip@planet.nl,Celestina Kneip,Skiba,female,be,63
547,Sandi.Peacock@hotmail.com,Sandi Peacock,Browsedrive,male,se,58
548,Anneliese.Gallant@live.com,Anneliese Gallant,Ainyx,female,nl,38
549,Lili.Kneip@planet.nl,Lili Kneip,Browsetype,female,de,26
550,Mara.Stirling@live.com,Mara Stirling,Thoughtbridge,female,nl,53
551,Arnita.Carvalho@hotmail.com,Arnita Carvalho,Skyble,female,be,75
552,Lavada.Vanderveer@live.com,Lavada Vanderveer,Cogidoo,male,de,65
553,Markita.Larrimore@icloud.com,Markita Larrimore,Youfeed,female,nl,68
554,Amberly.Bray@hotmail.com,Amberly Bray,Viva,female,be,62
555,Antony.Fulp@icloud.com,Antony Fulp,Bluezoom,male,nl,73
556,Ramonita.Derby@outlook.com,Ramonita Derby,Blogtag,female,se,42
557,Keisha.Gasper@xs4all.com,Keisha Gasper,Photofeed,female,se,51
558,Mittie.Grunewald@gmail.com,Mittie Grunewald,Wikizz,male,nl,79
559,Elmer.Keasey@live.com,Elmer Keasey,Trilith,male,se,67
560,Chang.Darden@gmail.com,Chang Darden,Centimia,female,nl,66
561,Phebe.Vaden@gmail.com,Phebe Vaden,Wikizz,male,be,33
562,Lanell.Jain@xs4all.com,Lanell Jain,Jatri,male,nl,36
563,Toi.Vanderveer@icloud.com,Toi Vanderveer,Cogidoo,female,be,22
564,Jamar.Mcbay@xs4all.com,Jamar Mcbay,Vimbo,female,de,41
565,Cinda.Dressler@xs4all.com,Cinda Dressler,Innotype,female,nl,34
566,Clarice.Scarbrough@planet.nl,Clarice Scarbrough,Meevee,female,nl,79
567,Irene.Skyles@gmail.com,Irene Skyles,Flipstorm,male,se,54
568,Celestina.Fulp@planet.nl,Celestina Fulp,Vinte,male,se,77
569,Edra.Mcnellis@hotmail.com,Edra Mcnellis,Linktype,female,de,77
570,Miyoko.Jager@outlook.com,Miyoko Jager,Kimia,male,nl,68
571,Norene.Pattillo@xs4all.com,Norene Pattillo,Kimia,female,de,48
572,Amberly.Mccampbell@planet.nl,Amberly Mccampbell,Skyble,male,be,29
573,Lavada.Tatum@hotmail.com,Lavada Tatum,Buzzdog,female,be,63
574,Ming.Salvas@xs4all.com,Ming Salvas,Avamm,female,de,67
575,Denice.Beem@outlook.com,Denice Beem,Skiba,female,se,72
576,Agustina.Kamel@icloud.com,Agustina Kamel,Mydeo,female,se,51
577,Bruno.Mauricio@planet.nl,Bruno Mauricio,Ainyx,male,be,27
578,Basilia.Mizelle@outlook.com,Basilia Mizelle,Skiba,female,be,20
579,Hui.Peacock@outlook.com,Hui Peacock,Agivu,male,be,50
580,Lanell.Witham@hotmail.com,Lanell Witham,Einti,female,se,29
581,Celestina.Callahan@planet.nl,Celestina Callahan,Innotype,female,nl,24
582,Buford.Larrimore@me.com,Buford Larrimore,Jabbersphere,female,be,18
583,Charlie.Aguilar@me.com,Charlie Aguilar,Layo,male,se,32
584,Alda.Heider@icloud.com,Alda Heider,Oozz,male,de,32
585,Arnetta.Gunnell@xs4all.com,Arnetta Gunnell,Wikizz,male,se,52
586,Jodee.Lighty@me.com,Jodee Lighty,Ntag,female,be,59
587,Alda.Jager@outlook.com,Alda Jager,Katz,female,nl,51
588,Phebe.Kamel@icloud.com,Phebe Kamel,Innotype,female,de,32
589,Irene.Ream@outlook.com,Irene Ream,Einti,male,be,23
590,Lavette.Kinsey@live.com,Lavette Kinsey,Livetube,male,be,75
591,Izola.Bray@icloud.com,Izola Bray,Layo,male,be,59
592,Boyce.Gallant@live.com,Boyce Gallant,Bluezoom,female,nl,65
593,Britany.Hibbitts@xs4all.com,Britany Hibbitts,Skiba,female,nl,77
594,Kendal.Gowans@xs4all.com,Kendal Gowans,Chatterbridge,male,de,24
595,Bettye.Kinsey@me.com,Bettye Kinsey,Flashset,female,be,34
596,Lavette.Wasilewski@icloud.com,Lavette Wasilewski,Skyble,female,be,67
597,Danette.Tillotson@xs4all.com,Danette Tillotson,Skinder,male,se,61
598,Lili.Nader@me.com,Lili Nader,Linktype,female,nl,38
599,Lashon.Melton@outlook.com,Lashon Melton,Vinte,female,de,40
600,Roman.Garabedian@planet.nl,Roman Garabedian,Jabbersphere,female,se,41
601,Precious.Nader@planet.nl,Precious Nader,Kimia,male,be,70
602,Denice.Fuselier@gmail.com,Denice Fuselier,Linktype,female,nl,23
603,Pamella.Gowans@xs4all.com,Pamella Gowans,Skippad,male,nl,72
604,Cira.Tenner@xs4all.com,Cira Tenner,Livetube,male,de,57
605,Allene.Picklesimer@me.com,Allene Picklesimer,Skimia,male,be,59
606,Madalene.Orear@outlook.com,Madalene Orear,Youfeed,male,se,28
607,Kylee.Mccampbell@gmail.com,Kylee Mccampbell,Tagtune,male,nl,48
608,Aretha.Given@live.com,Aretha Given,Blogtag,male,be,46
609,Esta.Resendiz@icloud.com,Esta Resendiz,Livetube,female,be,62
610,Susana.Heap@outlook.com,Susana Heap,Livetube,female,nl,67
611,Clarice.Tatum@hotmail.com,Clarice Tatum,Skyble,male,nl,63
612,Alda.Fielder@gmail.com,Alda Fielder,Ainyx,male,be,76
613,Zoila.Smolen@me.com,Zoila Smolen,Agivu,female,de,61
614,Sylvia.Peacock@xs4all.com,Sylvia Peacock,Babblestorm,male,se,52
615,Benton.Orear@xs4all.com,Benton Orear,Wikizz,female,be,76
616,Markita.Schaffner@icloud.com,Markita Schaffner,Oozz,male,de,67
617,Denice.Rollman@xs4all.com,Denice Rollman,Thoughtbridge,male,se,70
618,Firstnames.Groh@hotmail.com,Firstnames Groh,Wikizz,female,nl,52
619,Davida.Lueck@xs4all.com,Davida Lueck,Katz,female,nl,53
620,Usha.Derby@icloud.com,Usha Derby,Skimia,female,be,59
621,Benton.Atchley@icloud.com,Benton Atchley,Babblestorm,female,de,37
622,Ninfa.Garabedian@gmail.com,Ninfa Garabedian,Buzzdog,female,nl,44
623,Lashon.Sumner@icloud.com,Lashon Sumner,Blogtag,female,se,58
624,Rodger.Jain@gmail.com,Rodger Jain,Youfeed,male,be,32
625,Jordon.Sheely@planet.nl,Jordon Sheely,Kimia,female,be,42
626,Hui.Tatum@xs4all.com,Hui Tatum,Meevee,male,be,66
627,Izola.Armistead@me.com,Izola Armistead,Kimia,female,be,22
628,Lavada.Terry@xs4all.com,Lavada Terry,Blogtag,female,be,39
629,Colene.Woodward@live.com,Colene Woodward,Yoveo,male,be,31
630,Chantel.Monte@outlook.com,Chantel Monte,Jatri,female,be,44
631,Trudie.Boyter@hotmail.com,Trudie Boyter,Skimia,male,be,51
632,Santiago.Netter@me.com,Santiago Netter,Chatterbridge,female,nl,48
633,Milly.Ream@outlook.com,Milly Ream,Vimbo,male,de,79
634,Irish.Knuth@xs4all.com,Irish Knuth,Wikizz,female,de,66
635,Lavette.Mcbay@me.com,Lavette Mcbay,Cogidoo,male,de,35
636,Yasmine.Shoffner@gmail.com,Yasmine Shoffner,Skimia,female,nl,72
637,Roberto.Corpuz@hotmail.com,Roberto Corpuz,Ainyx,female,nl,59
638,Alda.Crotty@icloud.com,Alda Crotty,Jabbersphere,male,be,60
639,Sandi.Buechner@gmail.com,Sandi Buechner,Skyble,male,de,54
640,August.Bourassa@me.com,August Bourassa,Skimia,female,be,69
641,Celestina.Dressler@xs4all.com,Celestina Dressler,Flipstorm,male,se,26
642,Mittie.Dorais@planet.nl,Mittie Dorais,Layo,female,nl,79
643,Mitzi.Resendiz@me.com,Mitzi Resendiz,Browsetype,male,de,73
644,Lona.Carvalho@planet.nl,Lona Carvalho,Vinte,male,de,50
645,Sirena.Jain@hotmail.com,Sirena Jain,Photofeed,female,de,42
646,Regena.Mizelle@xs4all.com,Regena Mizelle,Youfeed,female,be,50
647,Celia.Briscoe@xs4all.com,Celia Briscoe,Katz,male,se,56
648,Merideth.Fielder@icloud.com,Merideth Fielder,Avamm,female,be,72
649,Rodrick.Gowans@live.com,Rodrick Gowans,Skippad,male,nl,79
650,Shera.Kroeker@hotmail.com,Shera Kroeker,Skimia,male,nl,54
651,Lasonya.Seawell@icloud.com,Lasonya Seawell,Skimia,male,be,29
652,Mariana.Wolanski@planet.nl,Mariana Wolanski,Skiba,male,se,28
653,Cris.Dressler@icloud.com,Cris Dressler,Skinder,male,de,59
654,Kylee.Schaffner@outlook.com,Kylee Schaffner,Skiba,male,se,19
655,Jannet.Berenbaum@xs4all.com,Jannet Berenbaum,Oozz,male,se,21
656,Kai.Larrimore@live.com,Kai Larrimore,Centimia,female,de,30
657,Lanell.Callahan@gmail.com,Lanell Callahan,Meevee,female,be,19
658,Queen.Cruz@live.com,Queen Cruz,Jabbersphere,female,nl,31
659,Elmer.Woodward@xs4all.com,Elmer Woodward,Linktype,female,se,25
660,Kai.Osterman@icloud.com,Kai Osterman,Centimia,male,de,47
661,Markita.Points@me.com,Markita Points,Skinder,male,nl,65
662,Antony.Carriere@me.com,Antony Carriere,Chatterbridge,male,se,52
663,Kendrick.Resendiz@icloud.com,Kendrick Resendiz,Skyble,male,nl,78
664,Roman.Keasey@live.com,Roman Keasey,Meevee,male,be,26
665,Angella.Roebuck@icloud.com,Angella Roebuck,Cogidoo,female,de,62
666,Shera.Ream@planet.nl,Shera Ream,Skippad,male,nl,66
667,Boyce.Ream@me.com,Boyce Ream,Buzzdog,male,be,58
668,Yasmine.Selleck@hotmail.com,Yasmine Selleck,Jabbersphere,female,nl,50
669,Sergio.Grosso@planet.nl,Sergio Grosso,Thoughtbridge,female,se,36
670,Keesha.Garabedian@live.com,Keesha Garabedian,Blogtag,male,se,40
671,Britany.Gebhardt@live.com,Britany Gebhardt,Viva,female,be,64
672,Ramonita.Dressler@planet.nl,Ramonita Dressler,Skimia,male,be,59
673,Concha.Baber@gmail.com,Concha Baber,Ainyx,male,se,54
674,Lynetta.Selleck@icloud.com,Lynetta Selleck,Bluezoom,female,be,52
675,Concha.Speller@hotmail.com,Concha Speller,Kimia,male,se,46
676,Oliva.Rohan@planet.nl,Oliva Rohan,Jatri,male,de,69
677,Mariel.Briscoe@gmail.com,Mariel Briscoe,Youfeed,male,be,38
678,Cris.Roebuck@me.com,Cris Roebuck,Lajo,male,be,35
679,Lanell.Blevins@live.com,Lanell Blevins,Skinder,female,be,25
680,Zoila.Marco@live.com,Zoila Marco,Vinte,female,nl,41
681,Elmer.Bensinger@outlook.com,Elmer Bensinger,Babblestorm,female,be,26
682,Grant.Tropea@me.com,Grant Tropea,Agivu,female,be,27
683,Buford.Osterman@xs4all.com,Buford Osterman,Thoughtbridge,female,be,58
684,Chaya.Doner@planet.nl,Chaya Doner,Bluezoom,male,de,63
685,Sandi.Woodward@icloud.com,Sandi Woodward,Yoveo,male,be,22
686,Keesha.Heap@gmail.com,Keesha Heap,Jabbersphere,male,de,56
687,Kemberly.Jobe@gmail.com,Kemberly Jobe,Ainyx,female,de,72
688,Thu.Roebuck@me.com,Thu Roebuck,Youopia,male,nl,49
689,Lynetta.Osterman@hotmail.com,Lynetta Osterman,Youfeed,male,de,47
690,Yasmine.Witmer@xs4all.com,Yasmine Witmer,Meevee,female,de,71
691,Lanell.Heider@me.com,Lanell Heider,Thoughtbridge,male,de,74
692,Julieta.Knuth@outlook.com,Julieta Knuth,Youfeed,male,se,45
693,Zoila.Rollman@gmail.com,Zoila Rollman,Skyble,female,be,29
694,Noreen.Callahan@me.com,Noreen Callahan,Youopia,male,be,41
695,Garrett.Bourassa@xs4all.com,Garrett Bourassa,Youspan,male,be,21
696,Keisha.Derby@hotmail.com,Keisha Derby,Bluezoom,female,se,51
697,Vi.Tillotson@outlook.com,Vi Tillotson,Skippad,female,de,72
698,Tiffaney.Monte@me.com,Tiffaney Monte,Oyonder,female,se,21
699,Neta.Peacock@me.com,Neta Peacock,Lajo,male,de,29
700,Jamar.Younger@outlook.com,Jamar Younger,Jabbersphere,male,nl,24
701,Wei.Heider@me.com,Wei Heider,Innotype,female,se,73
702,Irene.Blevins@live.com,Irene Blevins,Agivu,male,de,76
703,Mckenzie.Crotty@live.com,Mckenzie Crotty,Viva,male,se,58
704,Bettina.Speller@icloud.com,Bettina Speller,Skyble,male,se,54
705,Doloris.Armistead@icloud.com,Doloris Armistead,Trilith,female,de,80
706,Tiffaney.Jain@planet.nl,Tiffaney Jain,Browsedrive,male,se,72
707,Hui.Walther@outlook.com,Hui Walther,Thoughtbridge,female,be,38
708,Jordon.Edelen@live.com,Jordon Edelen,Blogtag,female,be,68
709,Merideth.Lueck@me.com,Merideth Lueck,Livetube,female,de,52
710,Mara.Demark@outlook.com,Mara Demark,Flipstorm,female,se,79
711,Hipolito.Seybert@icloud.com,Hipolito Seybert,Cogidoo,male,se,30
712,Dalila.Elston@live.com,Dalila Elston,Centimia,female,nl,62
713,Setsuko.Wolanski@planet.nl,Setsuko Wolanski,Youfeed,male,nl,38
714,Charlott.Knuth@hotmail.com,Charlott Knuth,Tagtune,female,nl,79
715,Florencio.Crotty@gmail.com,Florencio Crotty,Katz,female,de,36
716,Elba.Gunnell@gmail.com,Elba Gunnell,Browsetype,male,de,43
717,Lasonya.Heier@icloud.com,Lasonya Heier,Flashset,female,be,38
718,Twanda.Matthes@planet.nl,Twanda Matthes,Einti,female,nl,36
719,Susana.Segundo@icloud.com,Susana Segundo,Lajo,male,nl,19
720,Kylee.Witham@hotmail.com,Kylee Witham,Skippad,male,de,64
721,Anthony.Pattillo@live.com,Anthony Pattillo,Thoughtbridge,female,be,54
722,Georgann.Berenbaum@live.com,Georgann Berenbaum,Skyble,male,se,35
723,Garrett.Speller@icloud.com,Garrett Speller,Centimia,male,be,61
724,Lynetta.Wolanski@me.com,Lynetta Wolanski,Avamm,male,de,38
725,Usha.Nader@live.com,Usha Nader,Lajo,male,de,74
726,Fallon.Martines@icloud.com,Fallon Martines,Livetube,female,se,72
727,Lila.Gebhardt@live.com,Lila Gebhardt,Skimia,male,se,55
728,Sadie.Gowans@xs4all.com,Sadie Gowans,Jabbersphere,male,nl,69
729,Phebe.Armistead@outlook.com,Phebe Armistead,Skiba,male,nl,21
730,Fernande.Wolanski@me.com,Fernande Wolanski,Kimia,female,de,42
731,Kendrick.Rollman@xs4all.com,Kendrick Rollman,Browsedrive,male,be,74
732,Twana.Dube@hotmail.com,Twana Dube,Trilith,male,nl,53
733,Candis.Demark@outlook.com,Candis Demark,Youfeed,male,be,55
734,Basilia.Blumenthal@gmail.com,Basilia Blumenthal,Vinte,male,nl,58
735,Jordon.Tatum@gmail.com,Jordon Tatum,Mydeo,male,be,18
736,Mara.Speller@xs4all.com,Mara Speller,Oozz,male,se,72
737,Virgie.Wolanski@xs4all.com,Virgie Wolanski,Flipstorm,female,de,42
738,Keisha.Cruz@gmail.com,Keisha Cruz,Avamm,male,se,33
739,Vi.Darden@me.com,Vi Darden,Chatterbridge,male,de,48
740,Donnetta.Gebhardt@me.com,Donnetta Gebhardt,Vinte,female,de,68
741,Trudie.Groh@planet.nl,Trudie Groh,Flipstorm,female,de,57
742,Jordon.Channell@hotmail.com,Jordon Channell,Youfeed,male,de,37
743,Antony.Nader@gmail.com,Antony Nader,Babblestorm,female,nl,22
744,Elba.Kawamura@gmail.com,Elba Kawamura,Ntag,female,se,60
745,Kai.Penniman@planet.nl,Kai Penniman,Skinder,male,se,74
746,Chin.Roebuck@gmail.com,Chin Roebuck,Livetube,female,nl,65
747,Celia.Orear@outlook.com,Celia Orear,Yoveo,male,se,57
748,Kimberlie.Jain@outlook.com,Kimberlie Jain,Kimia,male,be,25
749,Chang.Chipman@live.com,Chang Chipman,Lajo,male,be,72
750,Irene.Kneip@hotmail.com,Irene Kneip,Browsetype,male,se,26
751,Basilia.Tatum@planet.nl,Basilia Tatum,Photofeed,male,de,50
752,Lona.Resendiz@icloud.com,Lona Resendiz,Wikizz,male,nl,80
753,Cristine.Pahl@hotmail.com,Cristine Pahl,Browsetype,male,se,54
754,Lili.Rollman@gmail.com,Lili Rollman,Ainyx,male,de,23
755,Lasonya.Gebhardt@xs4all.com,Lasonya Gebhardt,Chatterbridge,female,de,41
756,Concha.Cleaves@live.com,Concha Cleaves,Photofeed,female,de,30
757,Jannet.Segundo@hotmail.com,Jannet Segundo,Skimia,male,se,48
758,Mariana.Bourassa@planet.nl,Mariana Bourassa,Oozz,female,nl,59
759,Thu.Tooker@xs4all.com,Thu Tooker,Flipstorm,male,be,48
760,Lynetta.Martines@live.com,Lynetta Martines,Oozz,female,nl,80
761,Johnette.Canty@icloud.com,Johnette Canty,Youfeed,female,nl,69
762,Anneliese.Arocha@hotmail.com,Anneliese Arocha,Cogidoo,female,se,75
763,Georgann.Gallant@live.com,Georgann Gallant,Flashset,male,be,74
764,Rodger.Wolanski@hotmail.com,Rodger Wolanski,Viva,male,de,64
765,Esta.Chipman@gmail.com,Esta Chipman,Buzzdog,male,se,59
766,Elmer.Loso@icloud.com,Elmer Loso,Flashset,female,se,78
767,Essie.Monte@me.com,Essie Monte,Cogidoo,female,de,25
768,Kai.Gasper@gmail.com,Kai Gasper,Skippad,female,se,50
769,Evelynn.Rousey@icloud.com,Evelynn Rousey,Oozz,female,de,69
770,Lasandra.Elston@live.com,Lasandra Elston,Agivu,female,nl,38
771,Vasiliki.Stirling@planet.nl,Vasiliki Stirling,Tagtune,male,nl,77
772,Lasonya.Mule@hotmail.com,Lasonya Mule,Blogtag,female,nl,49
773,Lavette.Garabedian@gmail.com,Lavette Garabedian,Katz,female,se,34
774,Esta.Feinberg@xs4all.com,Esta Feinberg,Skyble,male,be,76
775,Syble.Skyles@me.com,Syble Skyles,Yoveo,female,de,29
776,Ashley.Bourassa@outlook.com,Ashley Bourassa,Meevee,female,se,49
777,Bruno.Petit@hotmail.com,Bruno Petit,Layo,female,se,46
778,Vi.Jager@xs4all.com,Vi Jager,Buzzdog,male,nl,46
779,Roberto.Blevins@hotmail.com,Roberto Blevins,Layo,female,se,44
780,Romaine.Arocha@me.com,Romaine Arocha,Browsetype,female,be,25
781,Trudie.Arocha@planet.nl,Trudie Arocha,Bluezoom,female,de,60
782,Sadie.Mizelle@gmail.com,Sadie Mizelle,Livetube,female,se,64
783,Miyoko.Mule@icloud.com,Miyoko Mule,Buzzdog,male,nl,38
784,Sadie.Vanderveer@planet.nl,Sadie Vanderveer,Layo,male,se,36
785,Cortez.Kneip@hotmail.com,Cortez Kneip,Babblestorm,male,nl,28
786,Pearline.Fielder@planet.nl,Pearline Fielder,Vinte,male,be,42
787,Edra.Nader@outlook.com,Edra Nader,Skyble,male,de,20
788,Leta.Witham@hotmail.com,Leta Witham,Avamm,male,de,58
789,Edythe.Mizelle@live.com,Edythe Mizelle,Skimia,female,se,70
790,Kacie.Vanscyoc@gmail.com,Kacie Vanscyoc,Innotype,female,be,33
791,Asuncion.Seybert@me.com,Asuncion Seybert,Agivu,male,se,77
792,Lili.Petit@gmail.com,Lili Petit,Avamm,female,nl,75
793,Celeste.Doner@planet.nl,Celeste Doner,Lajo,female,de,39
794,Ashley.Groh@outlook.com,Ashley Groh,Skiba,female,se,20
795,Dalila.Netter@me.com,Dalila Netter,Vimbo,female,se,56
796,Garrett.Seybert@planet.nl,Garrett Seybert,Vimbo,male,nl,67
797,Kendrick.Osterman@me.com,Kendrick Osterman,Skippad,female,be,25
798,Lavette.Wasilewski@icloud.com,Lavette Wasilewski,Youfeed,female,de,58
799,Wei.Cleaves@gmail.com,Wei Cleaves,Bluezoom,female,se,26
800,Antony.Grunewald@gmail.com,Antony Grunewald,Skiba,male,nl,32
801,Keesha.Dombrowski@xs4all.com,Keesha Dombrowski,Babblestorm,female,de,36
802,Evelynn.Salvas@gmail.com,Evelynn Salvas,Layo,male,be,30
803,Ming.Knuth@icloud.com,Ming Knuth,Bluezoom,female,be,46
804,Rodrick.Channell@hotmail.com,Rodrick Channell,Youspan,female,se,77
805,Mitzi.Henslee@planet.nl,Mitzi Henslee,Vimbo,male,be,80
806,Anneliese.Woodward@hotmail.com,Anneliese Woodward,Avamm,female,se,34
807,Ouida.Segundo@planet.nl,Ouida Segundo,Cogidoo,male,nl,77
808,Cinda.Gunnell@planet.nl,Cinda Gunnell,Skippad,female,be,59
809,Bill.Carvalho@hotmail.com,Bill Carvalho,Bluezoom,female,be,62
810,Alisha.Mule@icloud.com,Alisha Mule,Einti,female,nl,31
811,Aretha.Garabedian@me.com,Aretha Garabedian,Browsedrive,female,nl,18
812,Penelope.Atchley@gmail.com,Penelope Atchley,Tagtune,male,be,57
813,Beula.Tooley@live.com,Beula Tooley,Skyble,male,de,23
814,Sirena.Dombrowski@xs4all.com,Sirena Dombrowski,Linktype,male,nl,21
815,Toi.Patti@outlook.com,Toi Patti,Lajo,female,nl,69
816,Norene.Younger@xs4all.com,Norene Younger,Babblestorm,male,nl,50
817,Nevada.Blumenthal@icloud.com,Nevada Blumenthal,Agivu,male,se,46
818,August.Buechner@xs4all.com,August Buechner,Meevee,female,se,69
819,Markita.Vanderveer@live.com,Markita Vanderveer,Kimia,female,de,51
820,Charlie.Dorais@gmail.com,Charlie Dorais,Livetube,female,se,71
821,Mirian.Derby@xs4all.com,Mirian Derby,Yoveo,male,de,47
822,Davida.Callahan@outlook.com,Davida Callahan,Flipstorm,male,be,55
823,Keesha.Callahan@gmail.com,Keesha Callahan,Viva,male,se,29
824,Lona.Kawamura@live.com,Lona Kawamura,Jatri,male,be,71
825,Penelope.Garabedian@planet.nl,Penelope Garabedian,Youspan,male,se,60
826,Oliva.Feinberg@outlook.com,Oliva Feinberg,Youfeed,female,de,60
827,Norene.Chipman@live.com,Norene Chipman,Browsetype,male,nl,47
828,Trisha.Martines@xs4all.com,Trisha Martines,Vimbo,male,be,56
829,Charlie.Kinsey@planet.nl,Charlie Kinsey,Kimia,male,nl,43
830,Lavette.Witham@gmail.com,Lavette Witham,Vinte,male,se,50
831,Edythe.Grunewald@live.com,Edythe Grunewald,Oozz,female,nl,74
832,Trisha.Kirts@xs4all.com,Trisha Kirts,Centimia,female,de,29
833,Donnetta.Knuth@outlook.com,Donnetta Knuth,Einti,male,de,54
834,Mariel.Fitzgibbon@planet.nl,Mariel Fitzgibbon,Skippad,female,be,80
835,Clarice.Jain@me.com,Clarice Jain,Babblestorm,male,de,33
836,Bill.Rollman@hotmail.com,Bill Rollman,Flashset,male,be,56
837,Mariel.Sheely@xs4all.com,Mariel Sheely,Babblestorm,male,nl,35
838,Tameka.Lighty@me.com,Tameka Lighty,Avamm,female,se,73
839,Neil.Armistead@hotmail.com,Neil Armistead,Oozz,female,be,20
840,Doloris.Lueck@hotmail.com,Doloris Lueck,Vinte,female,be,67
841,Jamar.Kneip@outlook.com,Jamar Kneip,Linktype,male,de,63
842,Machelle.Mizelle@xs4all.com,Machelle Mizelle,Babblestorm,male,se,72
843,Lashon.Mirando@outlook.com,Lashon Mirando,Trilith,male,nl,38
844,Kylee.Fuselier@outlook.com,Kylee Fuselier,Centimia,female,se,58
845,Aretha.Martines@gmail.com,Aretha Martines,Meevee,female,be,47
846,Sharice.Seawell@me.com,Sharice Seawell,Cogidoo,male,se,63
847,Agustina.Armstead@outlook.com,Agustina Armstead,Kimia,female,de,19
848,Keesha.Mccampbell@outlook.com,Keesha Mccampbell,Jabbersphere,male,de,70
849,Ming.Derby@planet.nl,Ming Derby,Thoughtbridge,male,se,26
850,Anneliese.Mccampbell@xs4all.com,Anneliese Mccampbell,Einti,female,be,46
851,Virgie.Scarbrough@xs4all.com,Virgie Scarbrough,Chatterbridge,female,nl,61
852,Grant.Martines@xs4all.com,Grant Martines,Livetube,female,de,51
853,Carmen.Marco@hotmail.com,Carmen Marco,Lajo,male,nl,75
854,Milly.Bray@hotmail.com,Milly Bray,Skimia,male,se,28
855,Lasonya.Canty@live.com,Lasonya Canty,Vimbo,male,de,69
856,Rebbecca.Smolen@icloud.com,Rebbecca Smolen,Kimia,male,be,66
857,Rebbecca.Mauricio@icloud.com,Rebbecca Mauricio,Mydeo,male,de,18
858,Davida.Briscoe@hotmail.com,Davida Briscoe,Babblestorm,male,nl,64
859,Ming.Sumner@me.com,Ming Sumner,Skippad,male,se,19
860,Edra.Fulp@icloud.com,Edra Fulp,Youfeed,female,se,60
861,Bettye.Arocha@xs4all.com,Bettye Arocha,Babblestorm,male,be,73
862,Bruno.Mirando@planet.nl,Bruno Mirando,Ntag,male,de,45
863,Teena.Seybert@outlook.com,Teena Seybert,Youfeed,male,se,62
864,Margarett.Wolanski@icloud.com,Margarett Wolanski,Blogtag,female,nl,76
865,Lavada.Larrimore@outlook.com,Lavada Larrimore,Layo,female,de,25
866,Oliva.Younger@xs4all.com,Oliva Younger,Layo,male,nl,74
867,Teena.Sumner@hotmail.com,Teena Sumner,Flashset,female,nl,39
868,Pearline.Kroeker@outlook.com,Pearline Kroeker,Centimia,male,nl,74
869,Lilliam.Elston@gmail.com,Lilliam Elston,Blogtag,female,nl,32
870,Queen.Beem@outlook.com,Queen Beem,Tagtune,female,be,22
871,Palmira.Terry@live.com,Palmira Terry,Layo,female,de,63
872,Teena.Fuselier@planet.nl,Teena Fuselier,Layo,female,se,74
873,Jamar.Picklesimer@planet.nl,Jamar Picklesimer,Meevee,female,se,69
874,Britany.Armstead@planet.nl,Britany Armstead,Skinder,female,nl,41
875,Shera.Patti@xs4all.com,Shera Patti,Livetube,male,be,47
876,Sadie.Bourassa@icloud.com,Sadie Bourassa,Viva,female,se,33
877,Wei.Tenner@hotmail.com,Wei Tenner,Skinder,female,be,76
878,Tameka.Peacock@planet.nl,Tameka Peacock,Youfeed,female,de,33
879,Cheri.Witmer@live.com,Cheri Witmer,Mydeo,male,de,59
880,Danette.Gasper@gmail.com,Danette Gasper,Youfeed,male,se,48
881,Chu.Frechette@xs4all.com,Chu Frechette,Kimia,male,de,56
882,Malinda.Keasey@icloud.com,Malinda Keasey,Skimia,female,de,67
883,Anthony.Corpuz@live.com,Anthony Corpuz,Einti,male,se,59
884,Chu.Derby@hotmail.com,Chu Derby,Babblestorm,female,se,41
885,Vi.Kroeger@hotmail.com,Vi Kroeger,Flipstorm,female,de,80
886,Cortez.Burd@gmail.com,Cortez Burd,Skippad,male,se,66
887,Twana.Bensinger@hotmail.com,Twana Bensinger,Linktype,female,se,66
888,Kendal.Sumner@outlook.com,Kendal Sumner,Layo,male,se,59
889,August.Fitzgibbon@planet.nl,August Fitzgibbon,Ntag,male,de,67
890,Zana.Gowans@gmail.com,Zana Gowans,Centimia,female,se,52
891,Cristine.Mizelle@icloud.com,Cristine Mizelle,Oozz,male,se,62
892,Ashley.Fielder@me.com,Ashley Fielder,Kimia,male,nl,49
893,Queen.Bensinger@hotmail.com,Queen Bensinger,Skinder,female,de,37
894,Cira.Terry@planet.nl,Cira Terry,Browsetype,male,nl,56
895,Leta.Aguilar@me.com,Leta Aguilar,Agivu,male,nl,34
896,Norene.Dakin@planet.nl,Norene Dakin,Flipstorm,female,be,27
897,Anthony.Eisenmann@live.com,Anthony Eisenmann,Jatri,male,de,25
898,Chin.Virgil@planet.nl,Chin Virgil,Centimia,female,de,32
899,Thu.Beem@hotmail.com,Thu Beem,Wikizz,male,de,39
900,Fernande.Mccampbell@me.com,Fernande Mccampbell,Tagtune,male,de,36
901,Allene.Heap@planet.nl,Allene Heap,Browsetype,male,be,46
902,Thu.Terry@live.com,Thu Terry,Vimbo,female,se,59
903,Lila.Barco@me.com,Lila Barco,Tagtune,male,nl,38
904,Merideth.Sumner@gmail.com,Merideth Sumner,Mydeo,male,be,56
905,Kacie.Arocha@me.com,Kacie Arocha,Browsetype,female,nl,74
906,Deloise.Mattocks@me.com,Deloise Mattocks,Blogtag,male,de,54
907,Virgie.Vaden@gmail.com,Virgie Vaden,Wikizz,female,nl,61
908,Evelynn.Dorais@planet.nl,Evelynn Dorais,Babblestorm,male,de,71
909,Tiffaney.Kinsey@live.com,Tiffaney Kinsey,Ainyx,male,nl,42
910,Firstnames.Wasilewski@icloud.com,Firstnames Wasilewski,Trilith,male,de,70
911,Regena.Gasper@live.com,Regena Gasper,Buzzdog,male,nl,55
912,Lynetta.Frechette@outlook.com,Lynetta Frechette,Buzzdog,female,de,61
913,Chang.Rousey@xs4all.com,Chang Rousey,Youfeed,male,se,75
914,Usha.Mule@icloud.com,Usha Mule,Oyonder,male,de,65
915,Pok.Jepsen@live.com,Pok Jepsen,Mydeo,male,se,30
916,Merideth.Groh@planet.nl,Merideth Groh,Oozz,male,be,40
917,Antony.Venegas@me.com,Antony Venegas,Vimbo,male,nl,41
918,Machelle.Fielder@hotmail.com,Machelle Fielder,Agivu,male,de,20
919,Romaine.Points@icloud.com,Romaine Points,Flashset,male,nl,76
920,Chaya.Walther@gmail.com,Chaya Walther,Centimia,female,se,18
921,Elmer.Doucette@xs4all.com,Elmer Doucette,Buzzdog,female,se,60
922,Cira.Resendiz@me.com,Cira Resendiz,Katz,male,nl,44
923,Ming.Oathout@outlook.com,Ming Oathout,Cogidoo,female,be,45
924,Neta.Cleaves@gmail.com,Neta Cleaves,Ntag,female,se,41
925,Cristine.Vaden@outlook.com,Cristine Vaden,Tagtune,female,se,27
926,Kizzy.Patti@planet.nl,Kizzy Patti,Cogidoo,female,se,80
927,Rebbecca.Gunnell@xs4all.com,Rebbecca Gunnell,Trilith,male,nl,47
928,Verda.Sumner@hotmail.com,Verda Sumner,Cogidoo,female,se,46
929,Nakisha.Gunnell@live.com,Nakisha Gunnell,Tagtune,male,se,21
930,Jordon.Fuselier@xs4all.com,Jordon Fuselier,Viva,male,de,63
931,Madalene.Fuselier@outlook.com,Madalene Fuselier,Skimia,female,de,38
932,Malinda.Edelen@outlook.com,Malinda Edelen,Youfeed,male,nl,41
933,Cristine.Matthes@gmail.com,Cristine Matthes,Blogtag,female,be,77
934,Lili.Woodward@me.com,Lili Woodward,Browsedrive,male,de,61
935,Madalene.Kirts@xs4all.com,Madalene Kirts,Oozz,female,de,20
936,Ailene.Arocha@gmail.com,Ailene Arocha,Wikizz,female,be,72
937,Julieta.Jager@me.com,Julieta Jager,Lajo,male,nl,44
938,Rhea.Marco@planet.nl,Rhea Marco,Youopia,male,de,42
939,Doloris.Given@gmail.com,Doloris Given,Babblestorm,male,nl,73
940,Twanda.Calabria@xs4all.com,Twanda Calabria,Jabbersphere,male,be,45
941,Essie.Tropea@xs4all.com,Essie Tropea,Einti,male,be,62
942,Regena.Berenbaum@hotmail.com,Regena Berenbaum,Buzzdog,female,de,78
943,Lasonya.Feinberg@hotmail.com,Lasonya Feinberg,Chatterbridge,female,de,42
944,Clarice.Fitzgibbon@xs4all.com,Clarice Fitzgibbon,Cogidoo,male,se,76
945,Carolyn.Kroeger@live.com,Carolyn Kroeger,Kimia,female,be,20
946,Cris.Witham@hotmail.com,Cris Witham,Avamm,male,be,32
947,Ninfa.Grunewald@hotmail.com,Ninfa Grunewald,Youfeed,female,se,69
948,Firstnames.Wolanski@outlook.com,Firstnames Wolanski,Mydeo,male,se,78
949,Milly.Tropea@icloud.com,Milly Tropea,Flipstorm,female,nl,30
950,Anthony.Rousey@hotmail.com,Anthony Rousey,Oozz,female,de,51
951,Antony.Witmer@hotmail.com,Antony Witmer,Buzzdog,male,se,43
952,Kemberly.Tatum@xs4all.com,Kemberly Tatum,Agivu,male,be,54
953,Grant.Kawamura@icloud.com,Grant Kawamura,Viva,male,se,18
954,Alessandra.Virgil@gmail.com,Alessandra Virgil,Ntag,male,be,33
955,Asuncion.Bensinger@icloud.com,Asuncion Bensinger,Jabbersphere,female,se,65
956,Candis.Boyter@outlook.com,Candis Boyter,Trilith,male,se,61
957,Kacie.Polich@live.com,Kacie Polich,Agivu,female,de,37
958,Twana.Petit@me.com,Twana Petit,Chatterbridge,female,de,53
959,Markita.Merrell@hotmail.com,Markita Merrell,Livetube,female,se,59
960,Candis.Sheely@gmail.com,Candis Sheely,Skippad,female,de,59
961,Aretha.Wingard@outlook.com,Aretha Wingard,Innotype,male,nl,46
962,Lanell.Gunnell@hotmail.com,Lanell Gunnell,Chatterbridge,female,de,49
963,Bruno.Didonato@hotmail.com,Bruno Didonato,Youopia,male,be,46
964,Fernande.Cannaday@icloud.com,Fernande Cannaday,Vinte,female,be,55
965,Izola.Selleck@live.com,Izola Selleck,Vimbo,female,be,58
966,Keisha.Gebhardt@outlook.com,Keisha Gebhardt,Ainyx,female,nl,18
967,Britany.Nader@live.com,Britany Nader,Youfeed,male,se,26
968,Neil.Bourassa@icloud.com,Neil Bourassa,Linktype,female,nl,71
969,Jamar.Gustafson@me.com,Jamar Gustafson,Avamm,male,be,29
970,Benton.Boyter@me.com,Benton Boyter,Photofeed,male,nl,35
971,Evelynn.Witham@live.com,Evelynn Witham,Vimbo,male,de,38
972,Malinda.Kamel@me.com,Malinda Kamel,Tagtune,male,be,31
973,Cristine.Kroeger@live.com,Cristine Kroeger,Vinte,male,se,34
974,Robbie.Smolen@me.com,Robbie Smolen,Vimbo,male,se,44
975,Setsuko.Tenner@gmail.com,Setsuko Tenner,Skyble,male,se,75
976,Susana.Lueck@live.com,Susana Lueck,Skiba,male,nl,48
977,Irish.Jain@planet.nl,Irish Jain,Innotype,male,nl,38
978,Britany.Matthes@outlook.com,Britany Matthes,Jabbersphere,male,de,78
979,Alda.Didonato@gmail.com,Alda Didonato,Viva,female,se,79
980,Rebbecca.Wasilewski@outlook.com,Rebbecca Wasilewski,Linktype,female,be,24
981,Edythe.Oathout@gmail.com,Edythe Oathout,Babblestorm,male,de,59
982,Susana.Tenner@live.com,Susana Tenner,Jatri,female,nl,63
983,Denice.Stirling@hotmail.com,Denice Stirling,Flashset,female,nl,31
984,Basilia.Peacock@gmail.com,Basilia Peacock,Vimbo,male,de,31
985,Kai.Walther@hotmail.com,Kai Walther,Youfeed,female,se,40
986,Candis.Gowans@outlook.com,Candis Gowans,Skimia,female,be,46
987,Chu.Groh@xs4all.com,Chu Groh,Vimbo,female,de,33
988,Sandi.Callahan@live.com,Sandi Callahan,Skinder,male,se,53
989,Kendrick.Rohan@hotmail.com,Kendrick Rohan,Bluezoom,male,nl,42
990,Zana.Bensinger@outlook.com,Zana Bensinger,Youfeed,male,de,18
991,Doloris.Garabedian@me.com,Doloris Garabedian,Flipstorm,male,be,71
992,Alisha.Mizelle@live.com,Alisha Mizelle,Youopia,female,be,24
993,Basilia.Heap@planet.nl,Basilia Heap,Babblestorm,male,be,80
994,Concha.Demark@xs4all.com,Concha Demark,Youspan,female,de,53
995,Trisha.Dombrowski@icloud.com,Trisha Dombrowski,Livetube,female,be,76
996,Janey.Jepsen@hotmail.com,Janey Jepsen,Babblestorm,female,be,62
997,Esta.Orear@planet.nl,Esta Orear,Mydeo,female,de,26
998,Doloris.Tropea@xs4all.com,Doloris Tropea,Buzzdog,male,de,52
999,Johnette.Wolanski@xs4all.com,Johnette Wolanski,Jabbersphere,male,de,51
