0,Isis.Dockstader@hotmail.com,Isis Dockstader,Skippad,female,nl,75
1,Deloise.Aguilar@planet.nl,Deloise Aguilar,Centimia,female,de,56
2,Marti.Rollman@me.com,Marti Rollman,NULL,male,be,74
3,Hiram.Briscoe@icloud.com,Hiram Briscoe,NULL,male,be,69
4,Asuncion.Cleaves@planet.nl,Asuncion Cleaves,Skippad,male,nl,23
5,Lavette.Elston@gmail.com,Lavette Elston,Thoughtbridge,female,de,62
6,Ramonita.Mauricio@planet.nl,Ramonita Mauricio,Skiba,male,nl,63
7,Ashley.Mccaskey@live.com,Ashley Mccaskey,NULL,male,nl,56
8,Mirian.Didonato@hotmail.com,Mirian Didonato,NULL,male,us,69
9,Kendrick.Merrell@gmail.com,Kendrick Merrell,NULL,female,fr,48
10,Pok.Skyles@xs4all.com,Pok Skyles,Oozz,male,nl,62
11,Malinda.Oathout@hotmail.com,Malinda Oathout,NULL,female,fr,63
12,Marti.Gebhardt@outlook.com,Marti Gebhardt,Vimbo,female,nl,21
13,Janita.Blevins@live.com,Janita Blevins,NULL,male,nl,36
14,Mitzi.Kinsey@live.com,Mitzi Kinsey,Oozz,female,uk,45
15,Fernande.Chipman@planet.nl,Fernande Chipman,NULL,female,tdc,20
16,Zoila.Gunnell@me.com,Zoila Gunnell,NULL,male,fr,43
17,Cheri.Mccampbell@icloud.com,Cheri Mccampbell,NULL,female,nl,37
18,Johnette.Groh@planet.nl,Johnette Groh,Vinte,male,nl,76
19,Sadie.Mule@xs4all.com,Sadie Mule,NULL,female,nl,49
20,Lavada.Berenbaum@icloud.com,Lavada Berenbaum,Agivu,female,tdc,78
21,Antony.Witmer@xs4all.com,Antony Witmer,NULL,male,fr,54
22,Ashleigh.Kirts@icloud.com,Ashleigh Kirts,Flipstorm,female,us,22
23,Wei.Kneip@live.com,Wei Kneip,NULL,female,nl,55
24,Bettina.Patti@outlook.com,Bettina Patti,Tagtune,male,de,39
25,Toi.Tatum@hotmail.com,Toi Tatum,Skyble,male,tdc,56
26,Vi.Jepsen@xs4all.com,Vi Jepsen,Skyble,female,us,32
27,Sergio.Walther@outlook.com,Sergio Walther,NULL,male,de,62
28,Ming.Hibbitts@gmail.com,Ming Hibbitts,NULL,male,tdc,36
29,Mara.Woodward@planet.nl,Mara Woodward,Babblestorm,female,nl,52
30,Irene.Woodward@hotmail.com,Irene Woodward,NULL,male,de,66
31,Allene.Seawell@me.com,Allene Seawell,NULL,female,fr,34
32,Verda.Tropea@icloud.com,Verda Tropea,NULL,male,tdc,51
33,Mariana.Blevins@planet.nl,Mariana Blevins,NULL,male,be,78
34,Celeste.Loso@me.com,Celeste Loso,NULL,male,nl,24
35,Kendal.Marco@planet.nl,Kendal Marco,Einti,male,tdc,35
36,Roman.Gall@me.com,Roman Gall,Babblestorm,female,us,29
37,Syble.Venegas@planet.nl,Syble Venegas,NULL,female,uk,26
38,Machelle.Resendiz@hotmail.com,Machelle Resendiz,NULL,female,be,26
39,Bill.Ream@gmail.com,Bill Ream,Jatri,female,us,32
40,Vi.Walther@planet.nl,Vi Walther,Skimia,female,be,64
41,Romaine.Cleaves@hotmail.com,Romaine Cleaves,NULL,female,tdc,34
42,Buford.Groh@planet.nl,Buford Groh,Chatterbridge,male,nl,66
43,Angella.Gall@xs4all.com,Angella Gall,NULL,female,de,28
44,Kendrick.Mule@gmail.com,Kendrick Mule,NULL,male,uk,33
45,Colene.Edelen@gmail.com,Colene Edelen,Tagtune,female,de,36
46,Rebbecca.Rousey@icloud.com,Rebbecca Rousey,NULL,female,us,60
47,Santiago.Corpuz@live.com,Santiago Corpuz,NULL,female,tdc,68
48,Asuncion.Kawamura@icloud.com,Asuncion Kawamura,NULL,female,be,31
49,Rebbecca.Atchley@hotmail.com,Rebbecca Atchley,NULL,male,us,64
50,Jamar.Mcbay@xs4all.com,Jamar Mcbay,NULL,female,fr,48
51,Robbie.Grunewald@planet.nl,Robbie Grunewald,Skippad,male,us,73
52,Rodger.Merrell@icloud.com,Rodger Merrell,NULL,male,uk,34
53,Isis.Mccampbell@hotmail.com,Isis Mccampbell,NULL,male,de,72
54,Denice.Grosso@outlook.com,Denice Grosso,NULL,male,uk,78
55,Vi.Dube@outlook.com,Vi Dube,NULL,female,uk,25
56,Kendal.Gallant@gmail.com,Kendal Gallant,Photofeed,female,fr,52
57,Tessa.Calfee@outlook.com,Tessa Calfee,NULL,male,uk,47
58,Wilber.Mccaskey@gmail.com,Wilber Mccaskey,Blogtag,female,uk,78
59,Cortez.Derby@planet.nl,Cortez Derby,NULL,female,de,66
60,Irene.Armstead@outlook.com,Irene Armstead,Thoughtbridge,male,tdc,52
61,Mirian.Witham@outlook.com,Mirian Witham,NULL,female,uk,52
62,Amberly.Blumenthal@gmail.com,Amberly Blumenthal,NULL,female,us,18
63,Ramonita.Mccaskey@outlook.com,Ramonita Mccaskey,NULL,female,fr,54
64,Nevada.Fitzgibbon@gmail.com,Nevada Fitzgibbon,NULL,male,fr,52
65,Ashleigh.Merrell@icloud.com,Ashleigh Merrell,NULL,female,nl,19
66,Machelle.Rollman@outlook.com,Machelle Rollman,Vimbo,female,be,48
67,Robbie.Dockstader@xs4all.com,Robbie Dockstader,NULL,male,fr,46
68,Deloise.Skyles@planet.nl,Deloise Skyles,NULL,female,uk,48
69,Ninfa.Knuth@hotmail.com,Ninfa Knuth,Lajo,male,fr,46
70,Genia.Lighty@gmail.com,Genia Lighty,NULL,female,be,24
71,Mittie.Arocha@hotmail.com,Mittie Arocha,Ainyx,female,be,47
72,Bill.Dakin@hotmail.com,Bill Dakin,NULL,male,be,56
73,Kai.Heier@hotmail.com,Kai Heier,NULL,male,nl,47
74,Neil.Fuselier@planet.nl,Neil Fuselier,NULL,female,us,57
75,Lavada.Penniman@outlook.com,Lavada Penniman,NULL,female,uk,73
76,Una.Demark@planet.nl,Una Demark,Browsedrive,female,tdc,22
77,Romaine.Doner@xs4all.com,Romaine Doner,NULL,female,us,44
78,Queen.Orear@outlook.com,Queen Orear,Ntag,female,tdc,64
79,Wonda.Mule@live.com,Wonda Mule,NULL,male,fr,22
80,Pamella.Oathout@live.com,Pamella Oathout,Oozz,male,uk,68
81,Celestina.Terry@gmail.com,Celestina Terry,NULL,female,fr,51
82,Edythe.Younger@outlook.com,Edythe Younger,NULL,female,fr,43
83,Tiffaney.Arocha@xs4all.com,Tiffaney Arocha,Oozz,male,fr,30
84,Santiago.Lighty@icloud.com,Santiago Lighty,NULL,male,de,71
85,Edythe.Kroeker@me.com,Edythe Kroeker,NULL,female,fr,48
86,Sylvia.Mcbay@planet.nl,Sylvia Mcbay,NULL,female,uk,74
87,Ramonita.Heier@icloud.com,Ramonita Heier,Youfeed,male,be,43
88,Cheri.Mule@me.com,Cheri Mule,Yoveo,male,fr,77
89,Dalila.Merrell@gmail.com,Dalila Merrell,Linktype,male,de,57
90,Cinda.Mattocks@outlook.com,Cinda Mattocks,Browsedrive,female,uk,60
91,Cris.Osterman@outlook.com,Cris Osterman,Jabbersphere,female,fr,71
92,Amberly.Roebuck@planet.nl,Amberly Roebuck,Avamm,male,tdc,52
93,Rhea.Hibbitts@gmail.com,Rhea Hibbitts,Oozz,male,uk,21
94,Mirian.Calfee@hotmail.com,Mirian Calfee,NULL,female,tdc,26
95,Basilia.Fitzgibbon@gmail.com,Basilia Fitzgibbon,NULL,male,tdc,35
96,Cira.Carriere@icloud.com,Cira Carriere,NULL,female,be,70
97,Lila.Mizelle@icloud.com,Lila Mizelle,NULL,male,de,49
98,Lilliam.Picklesimer@planet.nl,Lilliam Picklesimer,NULL,female,fr,57
99,Hiram.Schaffner@icloud.com,Hiram Schaffner,Youfeed,female,tdc,39
100,Margarett.Arocha@live.com,Margarett Arocha,NULL,female,us,62
101,Lona.Tooley@icloud.com,Lona Tooley,NULL,female,be,36
102,Alda.Knuth@hotmail.com,Alda Knuth,NULL,female,de,34
103,Twanda.Demark@gmail.com,Twanda Demark,Youfeed,male,nl,35
104,Pamella.Gustafson@live.com,Pamella Gustafson,NULL,male,tdc,66
105,Mittie.Canty@live.com,Mittie Canty,Ntag,male,nl,52
106,Noreen.Cruz@live.com,Noreen Cruz,Browsedrive,male,de,35
107,Syble.Seawell@live.com,Syble Seawell,Yoveo,female,fr,79
108,Janita.Melton@gmail.com,Janita Melton,NULL,male,uk,25
109,Hiram.Gall@outlook.com,Hiram Gall,NULL,female,fr,64
110,Trisha.Gustafson@me.com,Trisha Gustafson,NULL,male,nl,52
111,Toi.Jobe@planet.nl,Toi Jobe,NULL,male,tdc,69
112,Nakisha.Feinberg@live.com,Nakisha Feinberg,NULL,female,us,34
113,Jannet.Scarbrough@icloud.com,Jannet Scarbrough,NULL,male,fr,69
114,Regena.Biros@live.com,Regena Biros,NULL,female,de,27
115,Basilia.Canty@hotmail.com,Basilia Canty,Thoughtbridge,male,uk,18
116,Edythe.Boyter@hotmail.com,Edythe Boyter,NULL,female,us,70
117,Roman.Gallant@hotmail.com,Roman Gallant,Yoveo,female,uk,67
118,Mckenzie.Jain@gmail.com,Mckenzie Jain,NULL,male,de,31
119,Roman.Frechette@icloud.com,Roman Frechette,NULL,female,be,24
120,Jannet.Garabedian@gmail.com,Jannet Garabedian,NULL,male,fr,50
121,Milly.Marco@icloud.com,Milly Marco,NULL,female,us,41
122,Concha.Aguilar@xs4all.com,Concha Aguilar,Cogidoo,male,be,68
123,Lani.Kamel@me.com,Lani Kamel,Livetube,male,fr,57
124,Janey.Chipman@outlook.com,Janey Chipman,NULL,female,nl,35
125,Wilber.Mccaskey@xs4all.com,Wilber Mccaskey,Buzzdog,male,de,36
126,Precious.Channell@planet.nl,Precious Channell,NULL,male,be,39
127,Bell.Fitzgibbon@planet.nl,Bell Fitzgibbon,NULL,male,be,45
128,Nevada.Channell@xs4all.com,Nevada Channell,Babblestorm,male,nl,33
129,Margarett.Points@gmail.com,Margarett Points,Skippad,male,nl,27
130,Essie.Heier@xs4all.com,Essie Heier,NULL,male,us,71
131,Alessandra.Heider@me.com,Alessandra Heider,NULL,male,nl,28
132,Zoila.Gasper@live.com,Zoila Gasper,NULL,male,tdc,23
133,Wilber.Briscoe@me.com,Wilber Briscoe,NULL,male,uk,76
134,Lila.Terry@hotmail.com,Lila Terry,NULL,female,tdc,23
135,Bettina.Farless@xs4all.com,Bettina Farless,NULL,female,nl,80
136,Antony.Tooker@hotmail.com,Antony Tooker,NULL,male,uk,39
137,Palmira.Kinsey@hotmail.com,Palmira Kinsey,NULL,male,uk,18
138,Yasmine.Kinsey@outlook.com,Yasmine Kinsey,Cogidoo,female,tdc,58
139,Sirena.Gallant@live.com,Sirena Gallant,Kimia,female,tdc,76
140,Tiffaney.Given@icloud.com,Tiffaney Given,NULL,female,uk,77
141,Chu.Pahl@icloud.com,Chu Pahl,Babblestorm,male,de,60
142,Jodee.Segundo@outlook.com,Jodee Segundo,Avamm,male,us,63
143,Marti.Tillotson@outlook.com,Marti Tillotson,NULL,male,de,75
144,Firstnames.Pahl@me.com,Firstnames Pahl,NULL,male,uk,63
145,Toi.Beem@icloud.com,Toi Beem,NULL,female,fr,26
146,Susana.Groh@icloud.com,Susana Groh,Skyble,male,uk,65
147,Zana.Gasper@me.com,Zana Gasper,NULL,male,tdc,38
148,Pok.Bray@outlook.com,Pok Bray,NULL,male,tdc,42
149,Sylvia.Fielder@planet.nl,Sylvia Fielder,NULL,female,de,50
150,Zana.Scarbrough@hotmail.com,Zana Scarbrough,NULL,female,nl,20
151,Keesha.Patti@planet.nl,Keesha Patti,NULL,male,us,43
152,Chantel.Segundo@me.com,Chantel Segundo,NULL,male,tdc,62
153,Ailene.Fielder@me.com,Ailene Fielder,NULL,female,be,37
154,Ming.Lueck@me.com,Ming Lueck,NULL,female,tdc,19
155,Toi.Heap@hotmail.com,Toi Heap,NULL,male,de,35
156,Una.Roebuck@me.com,Una Roebuck,NULL,male,be,62
157,Ashleigh.Kroeker@me.com,Ashleigh Kroeker,Chatterbridge,male,fr,40
158,Wilber.Resendiz@outlook.com,Wilber Resendiz,Vinte,male,fr,74
159,Benton.Derby@xs4all.com,Benton Derby,NULL,male,us,71
160,Jamar.Corpuz@xs4all.com,Jamar Corpuz,Lajo,male,nl,59
161,Una.Leith@gmail.com,Una Leith,NULL,female,uk,40
162,Nakisha.Wingard@xs4all.com,Nakisha Wingard,NULL,male,tdc,74
163,Benton.Carriere@outlook.com,Benton Carriere,Vinte,female,us,73
164,Mckenzie.Gasper@gmail.com,Mckenzie Gasper,Youfeed,female,uk,38
165,Tameka.Nader@xs4all.com,Tameka Nader,Layo,male,fr,18
166,Clarice.Patti@planet.nl,Clarice Patti,NULL,male,nl,67
167,Pok.Mccaskey@live.com,Pok Mccaskey,Tagtune,female,nl,65
168,Rebbecca.Sumner@planet.nl,Rebbecca Sumner,NULL,female,de,61
169,Asuncion.Dakin@xs4all.com,Asuncion Dakin,Youfeed,male,tdc,39
170,Agustina.Melton@hotmail.com,Agustina Melton,NULL,female,de,68
171,Milly.Doner@me.com,Milly Doner,Livetube,male,de,73
172,Basilia.Osterman@live.com,Basilia Osterman,NULL,female,de,58
173,Renaldo.Netter@outlook.com,Renaldo Netter,Mydeo,female,nl,59
174,Merideth.Keasey@planet.nl,Merideth Keasey,NULL,male,fr,40
175,Kendal.Netter@gmail.com,Kendal Netter,NULL,male,us,49
176,Irene.Gustafson@xs4all.com,Irene Gustafson,NULL,male,be,76
177,Ailene.Carvalho@me.com,Ailene Carvalho,NULL,male,tdc,49
178,Carolyn.Dube@planet.nl,Carolyn Dube,NULL,male,nl,80
179,Zana.Matthes@xs4all.com,Zana Matthes,NULL,female,de,60
180,Setsuko.Wingard@live.com,Setsuko Wingard,Innotype,female,tdc,68
181,Sergio.Eisenmann@icloud.com,Sergio Eisenmann,Skippad,male,uk,19
182,Sandi.Roebuck@live.com,Sandi Roebuck,NULL,female,fr,31
183,Agustina.Briscoe@planet.nl,Agustina Briscoe,NULL,female,tdc,27
184,Antony.Demark@hotmail.com,Antony Demark,NULL,female,de,63
185,Sirena.Heider@outlook.com,Sirena Heider,NULL,female,be,40
186,Concha.Jain@outlook.com,Concha Jain,NULL,female,be,33
187,Angella.Shoffner@hotmail.com,Angella Shoffner,NULL,female,tdc,50
188,Keisha.Groh@planet.nl,Keisha Groh,NULL,female,tdc,19
189,Queen.Schaffner@xs4all.com,Queen Schaffner,Skinder,female,nl,26
190,Wei.Crotty@live.com,Wei Crotty,Youopia,male,uk,32
191,Markita.Doucette@outlook.com,Markita Doucette,NULL,male,uk,53
192,Sirena.Mizelle@planet.nl,Sirena Mizelle,NULL,female,be,52
193,Hui.Grosso@gmail.com,Hui Grosso,NULL,female,nl,24
194,Sharice.Peacock@outlook.com,Sharice Peacock,Vinte,female,be,42
195,Hipolito.Elston@planet.nl,Hipolito Elston,NULL,female,uk,26
196,Antony.Pender@hotmail.com,Antony Pender,Skimia,male,tdc,46
197,Twanna.Patti@icloud.com,Twanna Patti,NULL,female,be,37
198,Yasmine.Canty@outlook.com,Yasmine Canty,Livetube,female,be,59
199,Regena.Tropea@me.com,Regena Tropea,Buzzdog,female,uk,43
200,Wei.Frechette@hotmail.com,Wei Frechette,Ntag,male,nl,64
201,Arnita.Sheely@planet.nl,Arnita Sheely,NULL,male,uk,38
202,Irene.Hibbitts@me.com,Irene Hibbitts,NULL,male,tdc,71
203,Izola.Farless@hotmail.com,Izola Farless,NULL,male,de,68
204,Twanna.Rohan@icloud.com,Twanna Rohan,NULL,male,uk,36
205,Grant.Dube@gmail.com,Grant Dube,NULL,female,de,18
206,Zoila.Beem@me.com,Zoila Beem,Skyble,female,uk,59
207,Colene.Dressler@hotmail.com,Colene Dressler,NULL,female,fr,43
208,Firstnames.Penniman@planet.nl,Firstnames Penniman,NULL,female,us,20
209,Wei.Salvas@outlook.com,Wei Salvas,Oyonder,male,nl,80
210,Twanda.Petit@me.com,Twanda Petit,NULL,male,us,36
211,Rebbecca.Sheely@me.com,Rebbecca Sheely,NULL,female,tdc,63
212,Garrett.Callahan@planet.nl,Garrett Callahan,NULL,female,us,25
213,Zoila.Chipman@icloud.com,Zoila Chipman,NULL,male,fr,78
214,Benton.Barco@live.com,Benton Barco,NULL,male,us,40
215,Toi.Briscoe@planet.nl,Toi Briscoe,Skinder,male,tdc,66
216,Mariana.Wasilewski@outlook.com,Mariana Wasilewski,NULL,male,be,64
217,Noreen.Tatum@xs4all.com,Noreen Tatum,NULL,female,nl,26
218,Lavada.Hibbitts@gmail.com,Lavada Hibbitts,NULL,female,fr,54
219,Jodee.Blevins@hotmail.com,Jodee Blevins,Oyonder,male,tdc,33
220,Angella.Polich@xs4all.com,Angella Polich,NULL,male,fr,49
221,Virgie.Venegas@me.com,Virgie Venegas,NULL,male,de,37
222,Palmira.Hibbitts@icloud.com,Palmira Hibbitts,Cogidoo,female,tdc,61
223,Marti.Heier@me.com,Marti Heier,NULL,male,nl,30
224,Keesha.Tatum@icloud.com,Keesha Tatum,NULL,male,tdc,64
225,Renaldo.Channell@gmail.com,Renaldo Channell,NULL,female,nl,60
226,Bill.Blevins@me.com,Bill Blevins,NULL,female,be,67
227,Antony.Terry@outlook.com,Antony Terry,NULL,female,uk,41
228,Precious.Jager@live.com,Precious Jager,NULL,male,de,33
229,Julieta.Bray@xs4all.com,Julieta Bray,NULL,female,de,24
230,Twanda.Hibbitts@outlook.com,Twanda Hibbitts,Flipstorm,female,de,35
231,Amberly.Dakin@me.com,Amberly Dakin,NULL,female,be,62
232,Lashon.Blumenthal@me.com,Lashon Blumenthal,NULL,female,be,25
233,Miki.Schaffner@hotmail.com,Miki Schaffner,Photofeed,female,us,75
234,Beula.Heier@planet.nl,Beula Heier,NULL,male,de,34
235,Izola.Harder@planet.nl,Izola Harder,NULL,male,fr,40
236,Bettina.Jobe@gmail.com,Bettina Jobe,Cogidoo,female,tdc,28
237,Zoila.Ream@icloud.com,Zoila Ream,NULL,female,tdc,78
238,Setsuko.Eisenmann@gmail.com,Setsuko Eisenmann,Oozz,female,us,38
239,Concha.Kinsey@gmail.com,Concha Kinsey,NULL,male,be,36
240,Thu.Stirling@live.com,Thu Stirling,Browsetype,male,fr,53
241,Virgie.Dorais@outlook.com,Virgie Dorais,NULL,female,de,69
242,Keesha.Buechner@gmail.com,Keesha Buechner,NULL,male,uk,72
243,Irene.Selleck@hotmail.com,Irene Selleck,Jatri,female,nl,64
244,Lashon.Wurth@gmail.com,Lashon Wurth,Youfeed,male,tdc,77
245,Trisha.Salvas@hotmail.com,Trisha Salvas,NULL,male,fr,47
246,Rodger.Peacock@outlook.com,Rodger Peacock,Jatri,male,be,35
247,Hui.Armistead@planet.nl,Hui Armistead,NULL,male,us,19
248,Romaine.Atchley@outlook.com,Romaine Atchley,Chatterbridge,female,nl,30
249,Anthony.Callahan@outlook.com,Anthony Callahan,NULL,female,be,37
250,Hipolito.Kneip@xs4all.com,Hipolito Kneip,NULL,female,be,53
251,Kendrick.Oathout@me.com,Kendrick Oathout,NULL,male,tdc,30
252,Tameka.Penniman@outlook.com,Tameka Penniman,NULL,female,de,40
253,Penelope.Oathout@gmail.com,Penelope Oathout,NULL,female,us,37
254,Chaya.Melton@gmail.com,Chaya Melton,Thoughtbridge,female,tdc,25
255,Cris.Jepsen@gmail.com,Cris Jepsen,Photofeed,female,fr,68
256,Miki.Tatum@planet.nl,Miki Tatum,NULL,female,be,30
257,Bell.Blevins@icloud.com,Bell Blevins,NULL,female,fr,39
258,Penelope.Harder@xs4all.com,Penelope Harder,NULL,male,nl,23
259,Lanell.Mcbay@outlook.com,Lanell Mcbay,NULL,female,nl,80
260,Mariana.Tatum@outlook.com,Mariana Tatum,NULL,male,us,65
261,Sadie.Boyter@hotmail.com,Sadie Boyter,Viva,female,tdc,68
262,Carmen.Mirando@planet.nl,Carmen Mirando,NULL,male,be,57
263,Ashleigh.Eisenmann@icloud.com,Ashleigh Eisenmann,NULL,male,uk,79
264,Mariel.Bensinger@live.com,Mariel Bensinger,NULL,female,be,67
265,Irene.Bensinger@hotmail.com,Irene Bensinger,NULL,female,be,51
266,Setsuko.Sheely@planet.nl,Setsuko Sheely,NULL,male,be,30
267,Setsuko.Segundo@xs4all.com,Setsuko Segundo,Tagtune,male,tdc,47
268,Markita.Mizelle@icloud.com,Markita Mizelle,NULL,male,de,62
269,Garrett.Walther@xs4all.com,Garrett Walther,Linktype,male,us,50
270,Celia.Carriere@icloud.com,Celia Carriere,NULL,female,fr,44
271,Rebbecca.Tooker@xs4all.com,Rebbecca Tooker,NULL,female,nl,29
272,Mittie.Shoffner@hotmail.com,Mittie Shoffner,NULL,male,fr,32
273,Yasmine.Vanscyoc@live.com,Yasmine Vanscyoc,NULL,female,tdc,29
274,Oliva.Chipman@icloud.com,Oliva Chipman,Kimia,female,us,52
275,Una.Fuselier@gmail.com,Una Fuselier,NULL,female,de,28
276,Alessandra.Heier@planet.nl,Alessandra Heier,Ainyx,female,us,19
277,Roberto.Dube@xs4all.com,Roberto Dube,NULL,female,tdc,31
278,Judi.Polich@me.com,Judi Polich,NULL,female,tdc,67
279,Firstnames.Farless@outlook.com,Firstnames Farless,NULL,male,tdc,32
280,Alessandra.Garabedian@planet.nl,Alessandra Garabedian,NULL,female,tdc,28
281,Fallon.Selleck@live.com,Fallon Selleck,NULL,female,nl,59
282,Miki.Orear@icloud.com,Miki Orear,NULL,female,be,25
283,Mittie.Salvas@outlook.com,Mittie Salvas,NULL,male,tdc,43
284,Carolyn.Walther@me.com,Carolyn Walther,Agivu,male,us,29
285,Romaine.Rohan@gmail.com,Romaine Rohan,NULL,male,be,27
286,Setsuko.Given@gmail.com,Setsuko Given,NULL,male,tdc,44
287,Johnette.Oathout@icloud.com,Johnette Oathout,Skyble,male,fr,24
288,Toi.Petit@hotmail.com,Toi Petit,NULL,male,tdc,68
289,Lili.Feinberg@live.com,Lili Feinberg,NULL,male,fr,65
290,Phebe.Feinberg@xs4all.com,Phebe Feinberg,NULL,female,be,78
291,Genia.Monte@outlook.com,Genia Monte,Flashset,female,uk,78
292,Mara.Resendiz@hotmail.com,Mara Resendiz,Mydeo,female,us,72
293,Irish.Ream@gmail.com,Irish Ream,NULL,male,de,38
294,Precious.Patti@xs4all.com,Precious Patti,Photofeed,male,be,38
295,Lynetta.Monte@live.com,Lynetta Monte,NULL,male,nl,40
296,Setsuko.Kawamura@gmail.com,Setsuko Kawamura,Bluezoom,male,tdc,44
297,Mirian.Mattocks@me.com,Mirian Mattocks,NULL,male,us,71
298,Fernande.Mule@gmail.com,Fernande Mule,NULL,female,be,76
299,Zoila.Seawell@live.com,Zoila Seawell,Tagtune,female,us,58
300,Irish.Smolen@me.com,Irish Smolen,Yoveo,female,tdc,63
301,Benton.Fulp@outlook.com,Benton Fulp,NULL,male,be,61
302,Madalene.Gebhardt@me.com,Madalene Gebhardt,Innotype,female,us,31
303,Santiago.Gallant@icloud.com,Santiago Gallant,NULL,female,de,72
304,Elba.Dakin@hotmail.com,Elba Dakin,Mydeo,female,de,22
305,Mariana.Beem@xs4all.com,Mariana Beem,NULL,male,nl,37
306,Roman.Walther@outlook.com,Roman Walther,NULL,male,tdc,63
307,Marti.Fulp@outlook.com,Marti Fulp,NULL,male,nl,56
308,Keesha.Peacock@planet.nl,Keesha Peacock,NULL,male,tdc,61
309,Toi.Petit@planet.nl,Toi Petit,NULL,female,nl,61
310,Bettina.Osterman@live.com,Bettina Osterman,NULL,male,uk,36
311,Neta.Ream@xs4all.com,Neta Ream,NULL,male,be,39
312,Edra.Keasey@planet.nl,Edra Keasey,NULL,male,uk,61
313,Vi.Boyter@hotmail.com,Vi Boyter,Blogtag,male,us,20
314,Britany.Jepsen@me.com,Britany Jepsen,NULL,male,tdc,68
315,Denice.Farless@icloud.com,Denice Farless,NULL,male,de,26
316,Hershel.Scarbrough@gmail.com,Hershel Scarbrough,NULL,female,be,55
317,Mariel.Mcnellis@live.com,Mariel Mcnellis,NULL,female,nl,21
318,Madalene.Salvas@outlook.com,Madalene Salvas,NULL,female,us,35
319,Rhea.Armstead@xs4all.com,Rhea Armstead,NULL,female,uk,46
320,August.Kroeger@me.com,August Kroeger,Kimia,female,de,39
321,Aretha.Frechette@planet.nl,Aretha Frechette,Mydeo,female,uk,79
322,Virgie.Seawell@planet.nl,Virgie Seawell,Vinte,female,de,77
323,Trisha.Eisenmann@icloud.com,Trisha Eisenmann,NULL,female,us,40
324,Werner.Mccaskey@outlook.com,Werner Mccaskey,Yoveo,male,fr,18
325,Twanna.Dressler@planet.nl,Twanna Dressler,NULL,female,uk,41
326,Concha.Dube@xs4all.com,Concha Dube,NULL,female,nl,66
327,Verda.Tenner@icloud.com,Verda Tenner,NULL,male,us,25
328,Amberly.Loso@planet.nl,Amberly Loso,NULL,female,de,18
329,Zoila.Polich@xs4all.com,Zoila Polich,Skiba,male,nl,70
330,Allene.Mizelle@xs4all.com,Allene Mizelle,NULL,female,tdc,40
331,Irish.Matthes@xs4all.com,Irish Matthes,NULL,female,uk,27
332,Oliva.Pahl@xs4all.com,Oliva Pahl,NULL,female,nl,60
333,Essie.Picklesimer@xs4all.com,Essie Picklesimer,NULL,female,us,42
334,Fallon.Dube@gmail.com,Fallon Dube,Agivu,male,fr,34
335,Sergio.Scarbrough@me.com,Sergio Scarbrough,Avamm,male,fr,50
336,Ashleigh.Keasey@planet.nl,Ashleigh Keasey,NULL,male,uk,59
337,Jamar.Carriere@outlook.com,Jamar Carriere,NULL,female,de,29
338,Sadie.Kroeger@planet.nl,Sadie Kroeger,NULL,male,nl,28
339,Concha.Pahl@xs4all.com,Concha Pahl,NULL,female,be,45
340,Teena.Netter@outlook.com,Teena Netter,Youfeed,female,fr,37
341,Norene.Heier@icloud.com,Norene Heier,Kimia,male,uk,67
342,Carmen.Merrell@me.com,Carmen Merrell,NULL,female,de,64
343,Zoila.Virgil@xs4all.com,Zoila Virgil,NULL,male,us,28
344,Rebbecca.Mirando@icloud.com,Rebbecca Mirando,NULL,female,nl,66
345,Rhea.Buechner@outlook.com,Rhea Buechner,NULL,male,uk,21
346,Cheri.Mauricio@me.com,Cheri Mauricio,NULL,female,us,42
347,Julieta.Mirando@live.com,Julieta Mirando,NULL,male,us,69
348,Tiffaney.Armistead@me.com,Tiffaney Armistead,NULL,male,be,62
349,Kacie.Groh@me.com,Kacie Groh,Chatterbridge,female,uk,46
350,Margurite.Martines@me.com,Margurite Martines,NULL,male,fr,51
351,Basilia.Larrimore@planet.nl,Basilia Larrimore,NULL,female,be,73
352,Margurite.Pender@gmail.com,Margurite Pender,NULL,female,nl,21
353,Noreen.Penniman@hotmail.com,Noreen Penniman,NULL,male,nl,26
354,Kylee.Nader@hotmail.com,Kylee Nader,NULL,male,nl,26
355,Antony.Younger@planet.nl,Antony Younger,Lajo,female,nl,29
356,Roman.Lighty@hotmail.com,Roman Lighty,Oyonder,male,de,64
357,Carolyn.Baber@outlook.com,Carolyn Baber,NULL,female,nl,32
358,Penelope.Mattocks@gmail.com,Penelope Mattocks,NULL,male,de,54
359,Zoila.Scarbrough@hotmail.com,Zoila Scarbrough,NULL,male,nl,32
360,Penelope.Virgil@gmail.com,Penelope Virgil,NULL,male,be,70
361,Wilber.Ream@planet.nl,Wilber Ream,NULL,female,nl,61
362,Queen.Jain@xs4all.com,Queen Jain,Trilith,female,uk,27
363,Madalene.Woodward@xs4all.com,Madalene Woodward,NULL,male,uk,75
364,Buford.Corpuz@gmail.com,Buford Corpuz,Jabbersphere,female,be,56
365,Twanna.Groh@live.com,Twanna Groh,Centimia,female,be,27
366,Mara.Ream@outlook.com,Mara Ream,Browsedrive,male,be,30
367,Machelle.Mcbay@live.com,Machelle Mcbay,NULL,female,uk,34
368,Zoila.Bray@outlook.com,Zoila Bray,Linktype,male,tdc,55
369,Twanda.Mirando@xs4all.com,Twanda Mirando,NULL,female,uk,43
370,Miyoko.Tatum@me.com,Miyoko Tatum,NULL,female,fr,25
371,Zoila.Feinberg@xs4all.com,Zoila Feinberg,NULL,male,tdc,33
372,Miyoko.Darden@live.com,Miyoko Darden,NULL,female,de,58
373,Neta.Kinsey@live.com,Neta Kinsey,Jatri,female,fr,29
374,Anthony.Mcbay@xs4all.com,Anthony Mcbay,NULL,female,uk,42
375,Pok.Skyles@me.com,Pok Skyles,NULL,female,uk,70
376,Carmen.Witmer@live.com,Carmen Witmer,NULL,female,uk,70
377,Janey.Demark@me.com,Janey Demark,NULL,female,be,29
378,Buford.Dockstader@xs4all.com,Buford Dockstader,NULL,female,nl,24
379,Setsuko.Edelen@gmail.com,Setsuko Edelen,NULL,male,de,30
380,Penelope.Witmer@icloud.com,Penelope Witmer,NULL,male,nl,63
381,Lila.Pender@icloud.com,Lila Pender,NULL,female,tdc,49
382,Lili.Cleaves@outlook.com,Lili Cleaves,Livetube,female,us,38
383,Lasonya.Gunnell@icloud.com,Lasonya Gunnell,Jatri,male,fr,56
384,Regena.Lueck@xs4all.com,Regena Lueck,NULL,female,uk,35
385,Rodrick.Dube@me.com,Rodrick Dube,NULL,female,de,24
386,Asuncion.Mirando@icloud.com,Asuncion Mirando,NULL,male,nl,50
387,Sharice.Schaffner@gmail.com,Sharice Schaffner,NULL,male,de,31
388,Palmira.Picklesimer@planet.nl,Palmira Picklesimer,NULL,male,de,74
389,Milly.Calfee@planet.nl,Milly Calfee,NULL,male,fr,77
390,Arnetta.Crotty@xs4all.com,Arnetta Crotty,Layo,male,be,79
391,Basilia.Bourassa@xs4all.com,Basilia Bourassa,NULL,female,be,18
392,Irish.Heap@icloud.com,Irish Heap,Centimia,male,uk,50
393,Zana.Gall@icloud.com,Zana Gall,NULL,female,de,60
394,Merideth.Bray@me.com,Merideth Bray,NULL,female,us,67
395,Chin.Armstead@xs4all.com,Chin Armstead,Blogtag,male,be,39
396,Ninfa.Osterman@outlook.com,Ninfa Osterman,NULL,female,tdc,21
397,Kemberly.Venegas@icloud.com,Kemberly Venegas,Skippad,male,uk,66
398,Gertrud.Vanderveer@me.com,Gertrud Vanderveer,Babblestorm,female,nl,66
399,Madalene.Kroeger@me.com,Madalene Kroeger,NULL,male,us,75
400,Sandi.Younger@outlook.com,Sandi Younger,Livetube,female,nl,38
401,Trisha.Callahan@planet.nl,Trisha Callahan,NULL,male,uk,60
402,Aretha.Ream@xs4all.com,Aretha Ream,Skippad,male,uk,39
403,Donnetta.Skyles@gmail.com,Donnetta Skyles,NULL,female,fr,53
404,Precious.Pender@me.com,Precious Pender,NULL,male,fr,34
405,Queen.Mccampbell@icloud.com,Queen Mccampbell,Layo,female,be,50
406,Boyce.Wolanski@planet.nl,Boyce Wolanski,Thoughtbridge,female,be,68
407,Lani.Wasilewski@outlook.com,Lani Wasilewski,NULL,female,nl,23
408,Thu.Fuselier@me.com,Thu Fuselier,NULL,male,fr,46
409,Carolyn.Channell@gmail.com,Carolyn Channell,Oyonder,female,us,58
410,Verda.Schaffner@me.com,Verda Schaffner,NULL,female,be,21
411,Georgann.Patti@live.com,Georgann Patti,Oozz,male,de,62
412,Teena.Frechette@planet.nl,Teena Frechette,NULL,female,tdc,37
413,Allene.Arocha@icloud.com,Allene Arocha,NULL,male,nl,44
414,Elmer.Kamel@outlook.com,Elmer Kamel,NULL,female,tdc,18
415,Genia.Didonato@icloud.com,Genia Didonato,NULL,male,fr,40
416,Ouida.Scarbrough@xs4all.com,Ouida Scarbrough,NULL,male,de,43
417,Neil.Wurth@xs4all.com,Neil Wurth,Ainyx,female,uk,72
418,Irene.Dakin@xs4all.com,Irene Dakin,NULL,female,us,54
419,Ashleigh.Kamel@me.com,Ashleigh Kamel,NULL,male,fr,80
420,Genia.Keasey@xs4all.com,Genia Keasey,NULL,female,uk,28
421,Alda.Bray@me.com,Alda Bray,Photofeed,male,uk,67
422,Regena.Penniman@icloud.com,Regena Penniman,NULL,female,tdc,28
423,Angella.Grunewald@live.com,Angella Grunewald,NULL,male,fr,20
424,Precious.Marco@planet.nl,Precious Marco,NULL,female,fr,79
425,Candis.Cleaves@gmail.com,Candis Cleaves,NULL,male,fr,22
426,Denice.Darden@icloud.com,Denice Darden,NULL,male,uk,75
427,Aretha.Speller@hotmail.com,Aretha Speller,NULL,male,nl,69
428,Lynetta.Walther@planet.nl,Lynetta Walther,NULL,female,uk,58
429,Neil.Crotty@gmail.com,Neil Crotty,NULL,female,tdc,22
430,Norene.Doucette@gmail.com,Norene Doucette,NULL,female,de,64
431,Rebbecca.Tenner@planet.nl,Rebbecca Tenner,Youopia,female,be,55
432,Machelle.Pattillo@planet.nl,Machelle Pattillo,Flashset,male,de,18
433,Ailene.Wolanski@xs4all.com,Ailene Wolanski,Livetube,male,tdc,78
434,Hipolito.Speller@gmail.com,Hipolito Speller,NULL,male,fr,32
435,Benton.Beem@planet.nl,Benton Beem,NULL,female,de,39
436,Pok.Gebhardt@gmail.com,Pok Gebhardt,NULL,female,nl,72
437,Queen.Knuth@xs4all.com,Queen Knuth,NULL,female,nl,51
438,Irene.Biros@planet.nl,Irene Biros,NULL,female,be,62
439,Aretha.Berenbaum@planet.nl,Aretha Berenbaum,Wikizz,male,uk,25
440,Kendrick.Smolen@xs4all.com,Kendrick Smolen,NULL,female,us,27
441,Mariana.Schaffner@outlook.com,Mariana Schaffner,NULL,male,uk,20
442,Britany.Virgil@xs4all.com,Britany Virgil,NULL,female,be,41
443,Chantel.Farless@gmail.com,Chantel Farless,Skimia,female,de,49
444,Sandi.Pender@planet.nl,Sandi Pender,Blogtag,female,de,74
445,Cristine.Blumenthal@planet.nl,Cristine Blumenthal,NULL,female,de,54
446,Lilliam.Grosso@me.com,Lilliam Grosso,NULL,female,tdc,55
447,Zana.Lueck@outlook.com,Zana Lueck,NULL,female,be,18
448,Arnetta.Dombrowski@live.com,Arnetta Dombrowski,NULL,male,fr,38
449,Lasandra.Tatum@live.com,Lasandra Tatum,NULL,male,us,39
450,Alda.Gasper@xs4all.com,Alda Gasper,NULL,male,uk,19
451,Jamar.Smolen@outlook.com,Jamar Smolen,Kimia,male,uk,70
452,Chaya.Larrimore@planet.nl,Chaya Larrimore,NULL,male,fr,79
453,Essie.Knuth@xs4all.com,Essie Knuth,NULL,male,us,52
454,Cira.Seybert@live.com,Cira Seybert,NULL,female,us,38
455,Hershel.Patti@outlook.com,Hershel Patti,NULL,male,nl,37
456,Essie.Dressler@outlook.com,Essie Dressler,Lajo,female,tdc,57
457,Buford.Tatum@gmail.com,Buford Tatum,NULL,female,fr,34
458,Nevada.Witham@hotmail.com,Nevada Witham,NULL,female,nl,32
459,Vasiliki.Wurth@xs4all.com,Vasiliki Wurth,NULL,male,fr,36
460,Janita.Witham@xs4all.com,Janita Witham,NULL,male,nl,37
461,Setsuko.Selleck@hotmail.com,Setsuko Selleck,NULL,female,us,19
462,Jamar.Canty@icloud.com,Jamar Canty,NULL,female,de,64
463,Charlie.Berenbaum@me.com,Charlie Berenbaum,Browsedrive,female,tdc,23
464,Mitzi.Buechner@live.com,Mitzi Buechner,Trilith,female,us,33
465,Jamar.Harder@live.com,Jamar Harder,NULL,male,de,36
466,Isis.Didonato@hotmail.com,Isis Didonato,NULL,female,uk,21
467,Alda.Atchley@xs4all.com,Alda Atchley,NULL,female,nl,41
468,Lavada.Armstead@me.com,Lavada Armstead,NULL,male,nl,32
469,Celeste.Pattillo@planet.nl,Celeste Pattillo,NULL,female,be,31
470,Grant.Edelen@me.com,Grant Edelen,NULL,female,fr,54
471,Alessandra.Wasilewski@planet.nl,Alessandra Wasilewski,NULL,female,us,37
472,Sharice.Vaden@xs4all.com,Sharice Vaden,NULL,male,be,52
473,Noreen.Bourassa@icloud.com,Noreen Bourassa,Trilith,female,tdc,22
474,Basilia.Kroeker@icloud.com,Basilia Kroeker,NULL,female,nl,50
475,Hiram.Demark@gmail.com,Hiram Demark,Youfeed,male,be,51
476,Elmer.Marco@gmail.com,Elmer Marco,NULL,female,de,64
477,Georgann.Larrimore@me.com,Georgann Larrimore,NULL,female,uk,38
478,Roberto.Rousey@live.com,Roberto Rousey,NULL,female,fr,63
479,Chang.Heier@icloud.com,Chang Heier,NULL,female,uk,35
480,Charlott.Smolen@live.com,Charlott Smolen,NULL,female,nl,57
481,Wonda.Sheely@gmail.com,Wonda Sheely,NULL,male,us,38
482,Chantel.Eisenmann@live.com,Chantel Eisenmann,NULL,male,tdc,67
483,Julieta.Dube@planet.nl,Julieta Dube,NULL,female,tdc,51
484,Davida.Netter@planet.nl,Davida Netter,Katz,male,tdc,30
485,Irene.Kroeker@xs4all.com,Irene Kroeker,NULL,male,nl,37
486,Zana.Nader@icloud.com,Zana Nader,NULL,male,be,52
487,Nakisha.Tooley@icloud.com,Nakisha Tooley,NULL,female,nl,62
488,Edythe.Doucette@xs4all.com,Edythe Doucette,NULL,male,tdc,72
489,Lasandra.Gasper@outlook.com,Lasandra Gasper,NULL,female,de,54
490,Gertrud.Gowans@xs4all.com,Gertrud Gowans,NULL,male,fr,35
491,Carolyn.Derby@icloud.com,Carolyn Derby,NULL,male,be,35
492,Jamar.Groh@xs4all.com,Jamar Groh,NULL,male,fr,48
493,Usha.Segundo@xs4all.com,Usha Segundo,Wikizz,male,de,65
494,Setsuko.Dombrowski@gmail.com,Setsuko Dombrowski,NULL,male,de,75
495,Rhea.Kawamura@xs4all.com,Rhea Kawamura,NULL,female,uk,52
496,Merideth.Feinberg@planet.nl,Merideth Feinberg,NULL,female,de,60
497,Rodrick.Venegas@outlook.com,Rodrick Venegas,Innotype,female,uk,74
498,Teena.Fielder@planet.nl,Teena Fielder,NULL,male,us,67
499,Charlie.Doner@me.com,Charlie Doner,NULL,female,tdc,36
500,Rebbecca.Mccaskey@outlook.com,Rebbecca Mccaskey,Wikizz,female,us,69
501,Providencia.Gallant@gmail.com,Providencia Gallant,NULL,female,fr,50
502,Queen.Pattillo@outlook.com,Queen Pattillo,Livetube,male,uk,54
503,Pok.Feinberg@gmail.com,Pok Feinberg,NULL,female,tdc,57
504,Kendrick.Vanscyoc@outlook.com,Kendrick Vanscyoc,Flipstorm,female,tdc,30
505,Neta.Darden@me.com,Neta Darden,NULL,male,uk,72
506,Malinda.Mccampbell@gmail.com,Malinda Mccampbell,NULL,male,uk,34
507,Lili.Wurth@gmail.com,Lili Wurth,NULL,male,fr,36
508,Zana.Mule@planet.nl,Zana Mule,Cogidoo,female,be,36
509,Nevada.Hibbitts@hotmail.com,Nevada Hibbitts,Babblestorm,male,be,49
510,Penelope.Armistead@me.com,Penelope Armistead,Trilith,female,de,25
511,Fernande.Berenbaum@hotmail.com,Fernande Berenbaum,NULL,female,tdc,34
512,Cheri.Fulp@hotmail.com,Cheri Fulp,NULL,male,tdc,39
513,Hui.Gasper@gmail.com,Hui Gasper,Einti,male,fr,74
514,Nevada.Terry@gmail.com,Nevada Terry,NULL,male,us,65
515,Werner.Burd@live.com,Werner Burd,Layo,male,nl,38
516,Ashley.Blumenthal@live.com,Ashley Blumenthal,NULL,male,fr,71
517,Nakisha.Harder@gmail.com,Nakisha Harder,NULL,female,uk,74
518,Queen.Gallant@live.com,Queen Gallant,Youopia,male,us,52
519,Kylee.Patti@planet.nl,Kylee Patti,NULL,male,tdc,71
520,Lavette.Bray@hotmail.com,Lavette Bray,NULL,male,uk,74
521,Mitzi.Pahl@live.com,Mitzi Pahl,NULL,male,us,33
522,Cortez.Kawamura@xs4all.com,Cortez Kawamura,Einti,male,tdc,27
523,Mitzi.Kirts@gmail.com,Mitzi Kirts,NULL,female,de,36
524,Danette.Gustafson@me.com,Danette Gustafson,NULL,female,uk,76
525,Usha.Melton@xs4all.com,Usha Melton,NULL,male,uk,30
526,Tiffaney.Venegas@icloud.com,Tiffaney Venegas,NULL,female,de,24
527,Madalene.Mccaskey@planet.nl,Madalene Mccaskey,Chatterbridge,female,be,36
528,Cinda.Harder@gmail.com,Cinda Harder,NULL,male,tdc,69
529,Asuncion.Fulp@outlook.com,Asuncion Fulp,Jatri,male,fr,42
530,Mittie.Keasey@icloud.com,Mittie Keasey,Katz,female,uk,18
531,Kimberlie.Beem@gmail.com,Kimberlie Beem,NULL,female,uk,24
532,Susana.Patti@gmail.com,Susana Patti,Avamm,male,us,53
533,Fallon.Tenner@gmail.com,Fallon Tenner,NULL,male,be,35
534,Hiram.Picklesimer@me.com,Hiram Picklesimer,Jatri,male,uk,25
535,Firstnames.Bourassa@gmail.com,Firstnames Bourassa,Viva,female,de,37
536,Bell.Mcbay@planet.nl,Bell Mcbay,NULL,male,tdc,55
537,Candis.Mcnellis@outlook.com,Candis Mcnellis,NULL,female,uk,50
538,Sandi.Sheely@planet.nl,Sandi Sheely,Oyonder,female,be,64
539,Leta.Nader@me.com,Leta Nader,NULL,male,tdc,23
540,Nevada.Fulp@me.com,Nevada Fulp,NULL,female,us,78
541,Setsuko.Carriere@outlook.com,Setsuko Carriere,NULL,male,be,48
542,Roman.Harder@live.com,Roman Harder,NULL,male,uk,53
543,Chantel.Speller@me.com,Chantel Speller,NULL,male,uk,48
544,Shera.Sumner@live.com,Shera Sumner,NULL,male,uk,31
545,Antony.Points@outlook.com,Antony Points,NULL,male,de,69
546,Gertrud.Merrell@gmail.com,Gertrud Merrell,NULL,male,tdc,42
547,Arnetta.Vanscyoc@me.com,Arnetta Vanscyoc,NULL,female,nl,32
548,Ashley.Hibbitts@icloud.com,Ashley Hibbitts,NULL,female,uk,80
549,Renaldo.Gebhardt@me.com,Renaldo Gebhardt,NULL,female,us,33
550,Zoila.Tillotson@xs4all.com,Zoila Tillotson,Buzzdog,female,nl,79
551,Irene.Pattillo@gmail.com,Irene Pattillo,Linktype,male,us,40
552,Queen.Grosso@hotmail.com,Queen Grosso,NULL,female,fr,58
553,Tameka.Dombrowski@planet.nl,Tameka Dombrowski,NULL,female,us,20
554,Celeste.Lighty@icloud.com,Celeste Lighty,NULL,female,uk,57
555,Mara.Beem@icloud.com,Mara Beem,NULL,male,fr,38
556,Carolyn.Pahl@outlook.com,Carolyn Pahl,Trilith,male,fr,67
557,Arnetta.Doner@icloud.com,Arnetta Doner,Yoveo,male,us,28
558,Sandi.Oathout@icloud.com,Sandi Oathout,Thoughtbridge,female,be,79
559,Mittie.Buechner@planet.nl,Mittie Buechner,NULL,male,fr,66
560,Lona.Doner@live.com,Lona Doner,Meevee,female,tdc,21
561,Lynetta.Gall@icloud.com,Lynetta Gall,Mydeo,male,de,66
562,Asuncion.Dombrowski@me.com,Asuncion Dombrowski,Cogidoo,male,uk,52
563,Tameka.Lighty@planet.nl,Tameka Lighty,NULL,male,uk,47
564,Carolyn.Harder@icloud.com,Carolyn Harder,NULL,male,de,29
565,Irene.Bourassa@live.com,Irene Bourassa,NULL,male,us,18
566,Edythe.Roebuck@me.com,Edythe Roebuck,Centimia,female,de,55
567,Mara.Vaden@outlook.com,Mara Vaden,NULL,male,be,25
568,Celeste.Tooley@icloud.com,Celeste Tooley,Ainyx,female,fr,64
569,Irish.Fuselier@planet.nl,Irish Fuselier,NULL,male,us,18
570,Kemberly.Farless@planet.nl,Kemberly Farless,NULL,female,us,53
571,Lilliam.Pattillo@icloud.com,Lilliam Pattillo,NULL,male,us,80
572,Cira.Kamel@icloud.com,Cira Kamel,NULL,female,de,72
573,Lynetta.Kroeger@xs4all.com,Lynetta Kroeger,NULL,female,be,57
574,Hui.Mcbay@outlook.com,Hui Mcbay,NULL,female,be,32
575,Zoila.Dombrowski@outlook.com,Zoila Dombrowski,NULL,female,us,48
576,Agustina.Harder@icloud.com,Agustina Harder,NULL,male,uk,70
577,Basilia.Doucette@me.com,Basilia Doucette,Livetube,male,tdc,44
578,Danette.Marco@xs4all.com,Danette Marco,Browsetype,female,be,55
579,Lashon.Gowans@gmail.com,Lashon Gowans,NULL,male,fr,38
580,Alda.Armstead@planet.nl,Alda Armstead,NULL,female,nl,22
581,Hipolito.Boyter@planet.nl,Hipolito Boyter,Blogtag,female,fr,44
582,Sharice.Mcbay@live.com,Sharice Mcbay,Skippad,female,be,48
583,Yasmine.Armstead@xs4all.com,Yasmine Armstead,NULL,female,uk,47
584,Arnita.Salvas@planet.nl,Arnita Salvas,Jabbersphere,male,uk,18
585,Amberly.Edelen@xs4all.com,Amberly Edelen,NULL,male,tdc,49
586,Lashon.Sumner@planet.nl,Lashon Sumner,NULL,female,de,22
587,Kylee.Baber@me.com,Kylee Baber,NULL,male,be,34
588,Evelynn.Henslee@outlook.com,Evelynn Henslee,NULL,male,tdc,57
589,Una.Berenbaum@xs4all.com,Una Berenbaum,Photofeed,female,de,32
590,Kendal.Mirando@planet.nl,Kendal Mirando,Bluezoom,male,nl,49
591,Sirena.Kirts@live.com,Sirena Kirts,Jatri,female,be,45
592,Sharice.Grunewald@icloud.com,Sharice Grunewald,Einti,male,be,19
593,Ninfa.Schaffner@hotmail.com,Ninfa Schaffner,NULL,female,be,30
594,Kimberlie.Buechner@hotmail.com,Kimberlie Buechner,NULL,male,be,52
595,Bruno.Larrimore@me.com,Bruno Larrimore,Mydeo,female,be,76
596,Danette.Dube@me.com,Danette Dube,NULL,male,us,62
597,Zana.Barco@gmail.com,Zana Barco,NULL,male,uk,50
598,Mariel.Feinberg@live.com,Mariel Feinberg,NULL,male,be,21
599,Alessandra.Calfee@icloud.com,Alessandra Calfee,NULL,female,uk,67
600,Irish.Boyter@icloud.com,Irish Boyter,NULL,female,tdc,67
601,Kendal.Buechner@me.com,Kendal Buechner,Wikizz,female,uk,66
602,Jannet.Dakin@live.com,Jannet Dakin,NULL,female,uk,35
603,Evelynn.Pahl@gmail.com,Evelynn Pahl,NULL,male,us,28
604,Phebe.Cannaday@outlook.com,Phebe Cannaday,Mydeo,male,tdc,77
605,Johnette.Tooker@gmail.com,Johnette Tooker,Katz,female,uk,80
606,Elba.Cruz@xs4all.com,Elba Cruz,Lajo,male,us,60
607,Jamar.Feinberg@icloud.com,Jamar Feinberg,NULL,female,fr,37
608,Nevada.Orear@me.com,Nevada Orear,NULL,male,uk,66
609,Tameka.Bensinger@planet.nl,Tameka Bensinger,NULL,female,us,69
610,Milly.Penniman@icloud.com,Milly Penniman,NULL,female,fr,54
611,Syble.Baber@hotmail.com,Syble Baber,NULL,male,nl,66
612,Chang.Witham@xs4all.com,Chang Witham,Einti,female,be,70
613,Jannet.Mccampbell@live.com,Jannet Mccampbell,Youopia,female,de,69
614,Sirena.Dorais@hotmail.com,Sirena Dorais,NULL,male,us,41
615,Ouida.Venegas@icloud.com,Ouida Venegas,Tagtune,female,us,45
616,Deloise.Tenner@xs4all.com,Deloise Tenner,NULL,female,de,72
617,Lasonya.Derby@xs4all.com,Lasonya Derby,NULL,male,us,56
618,Anneliese.Kroeger@live.com,Anneliese Kroeger,Babblestorm,female,de,79
619,Rhea.Witmer@live.com,Rhea Witmer,NULL,female,uk,63
620,Chaya.Tooker@xs4all.com,Chaya Tooker,NULL,female,us,18
621,Sharice.Netter@live.com,Sharice Netter,NULL,male,tdc,79
622,Keesha.Burd@xs4all.com,Keesha Burd,NULL,female,uk,44
623,Florencio.Speller@xs4all.com,Florencio Speller,NULL,male,be,70
624,Fernande.Jepsen@gmail.com,Fernande Jepsen,Youfeed,male,de,79
625,Leta.Doner@gmail.com,Leta Doner,NULL,male,fr,80
626,Margarett.Dube@me.com,Margarett Dube,NULL,female,de,39
627,Buford.Seybert@hotmail.com,Buford Seybert,NULL,female,tdc,46
628,Neta.Barco@hotmail.com,Neta Barco,NULL,female,fr,58
629,Chin.Skyles@planet.nl,Chin Skyles,NULL,male,uk,67
630,Denice.Cruz@planet.nl,Denice Cruz,Viva,male,nl,51
631,Hipolito.Armistead@icloud.com,Hipolito Armistead,Skiba,female,us,71
632,Nakisha.Virgil@outlook.com,Nakisha Virgil,NULL,male,uk,63
633,Janey.Gall@gmail.com,Janey Gall,Jatri,female,de,55
634,Trudie.Petit@live.com,Trudie Petit,NULL,male,us,20
635,Twanda.Gowans@me.com,Twanda Gowans,NULL,female,uk,31
636,Margarett.Callahan@hotmail.com,Margarett Callahan,NULL,female,de,57
637,Sergio.Terry@me.com,Sergio Terry,NULL,male,de,68
638,Kendrick.Beem@outlook.com,Kendrick Beem,NULL,female,nl,59
639,Clarice.Gallant@icloud.com,Clarice Gallant,NULL,female,us,22
640,Anthony.Sprayberry@planet.nl,Anthony Sprayberry,NULL,female,fr,71
641,Wei.Virgil@hotmail.com,Wei Virgil,Skippad,female,nl,36
642,Ming.Gunnell@me.com,Ming Gunnell,Avamm,female,uk,79
643,Elmer.Doner@xs4all.com,Elmer Doner,Flashset,female,tdc,18
644,Evelynn.Tatum@gmail.com,Evelynn Tatum,Skyble,male,uk,51
645,Teena.Blumenthal@hotmail.com,Teena Blumenthal,NULL,male,nl,31
646,Hipolito.Nader@xs4all.com,Hipolito Nader,NULL,female,uk,25
647,Ming.Cleaves@hotmail.com,Ming Cleaves,Mydeo,female,uk,60
648,Neil.Arocha@xs4all.com,Neil Arocha,NULL,female,de,69
649,Mariana.Bourassa@live.com,Mariana Bourassa,NULL,male,fr,69
650,Miki.Tooker@live.com,Miki Tooker,Ainyx,male,fr,66
651,Mirian.Cannaday@live.com,Mirian Cannaday,Centimia,male,be,48
652,Antony.Stirling@outlook.com,Antony Stirling,NULL,male,uk,64
653,Tameka.Shoffner@planet.nl,Tameka Shoffner,NULL,female,fr,20
654,Pamella.Wingard@live.com,Pamella Wingard,Meevee,female,uk,31
655,Chantel.Witmer@xs4all.com,Chantel Witmer,NULL,male,nl,29
656,Edra.Woodward@me.com,Edra Woodward,NULL,female,be,59
657,Evelynn.Younger@xs4all.com,Evelynn Younger,Mydeo,male,tdc,51
658,Jamar.Ream@xs4all.com,Jamar Ream,NULL,female,nl,53
659,Pamella.Petit@planet.nl,Pamella Petit,NULL,male,uk,58
660,Arnita.Doner@gmail.com,Arnita Doner,Flashset,female,tdc,57
661,Lila.Blumenthal@me.com,Lila Blumenthal,NULL,female,uk,66
662,Janey.Mauricio@planet.nl,Janey Mauricio,NULL,female,tdc,54
663,Neil.Kamel@hotmail.com,Neil Kamel,NULL,male,us,21
664,Benton.Kamel@icloud.com,Benton Kamel,Meevee,male,us,39
665,Rodrick.Garabedian@gmail.com,Rodrick Garabedian,NULL,male,de,28
666,Oliva.Leith@outlook.com,Oliva Leith,Skippad,male,us,72
667,Milly.Dressler@outlook.com,Milly Dressler,NULL,male,nl,38
668,Pearline.Dressler@xs4all.com,Pearline Dressler,NULL,male,uk,58
669,Phebe.Melton@icloud.com,Phebe Melton,NULL,female,tdc,33
670,Alessandra.Tropea@hotmail.com,Alessandra Tropea,NULL,female,us,38
671,Rodrick.Picklesimer@icloud.com,Rodrick Picklesimer,Skippad,female,fr,67
672,Anthony.Barco@live.com,Anthony Barco,NULL,female,nl,20
673,Carmen.Carriere@outlook.com,Carmen Carriere,NULL,male,uk,70
674,Basilia.Heider@me.com,Basilia Heider,NULL,male,us,37
675,Agustina.Calfee@live.com,Agustina Calfee,Livetube,female,fr,59
676,Lona.Jain@gmail.com,Lona Jain,NULL,female,de,19
677,Setsuko.Petit@xs4all.com,Setsuko Petit,NULL,male,uk,70
678,Kizzy.Aguilar@me.com,Kizzy Aguilar,Katz,female,uk,57
679,Wilber.Roebuck@live.com,Wilber Roebuck,Jatri,female,uk,24
680,Providencia.Beem@xs4all.com,Providencia Beem,NULL,female,tdc,39
681,Lona.Bourassa@live.com,Lona Bourassa,NULL,female,de,60
682,Pok.Chipman@outlook.com,Pok Chipman,NULL,female,de,60
683,Georgann.Corpuz@me.com,Georgann Corpuz,Ntag,male,tdc,50
684,Syble.Gallant@outlook.com,Syble Gallant,NULL,male,uk,54
685,Anneliese.Cleaves@outlook.com,Anneliese Cleaves,NULL,male,uk,21
686,Esta.Gustafson@planet.nl,Esta Gustafson,NULL,female,fr,74
687,Arnita.Gunnell@live.com,Arnita Gunnell,NULL,male,nl,66
688,Arnita.Oathout@gmail.com,Arnita Oathout,NULL,female,uk,30
689,Zoila.Osterman@gmail.com,Zoila Osterman,Browsedrive,female,de,71
690,Keisha.Hibbitts@gmail.com,Keisha Hibbitts,Yoveo,male,fr,26
691,Irene.Harder@outlook.com,Irene Harder,NULL,female,be,53
692,Chantel.Stirling@live.com,Chantel Stirling,NULL,male,fr,64
693,Lilliam.Lueck@xs4all.com,Lilliam Lueck,Bluezoom,female,nl,71
694,Essie.Tooley@icloud.com,Essie Tooley,NULL,female,uk,31
695,Syble.Elston@me.com,Syble Elston,NULL,male,tdc,55
696,Bill.Mccaskey@live.com,Bill Mccaskey,NULL,female,us,22
697,Twanna.Pender@icloud.com,Twanna Pender,Oyonder,female,be,32
698,Jodee.Lighty@xs4all.com,Jodee Lighty,NULL,male,nl,49
699,Garrett.Tropea@outlook.com,Garrett Tropea,NULL,male,be,27
700,Deloise.Corpuz@planet.nl,Deloise Corpuz,Agivu,female,de,46
701,Edythe.Canty@planet.nl,Edythe Canty,NULL,female,us,25
702,Verda.Polich@live.com,Verda Polich,Kimia,male,be,49
703,August.Gall@gmail.com,August Gall,NULL,male,fr,18
704,Marti.Tooker@gmail.com,Marti Tooker,Youfeed,female,be,77
705,Kendrick.Ream@me.com,Kendrick Ream,Trilith,female,uk,79
706,Zoila.Bray@gmail.com,Zoila Bray,NULL,male,us,20
707,Anthony.Gowans@gmail.com,Anthony Gowans,NULL,male,de,63
708,Usha.Mcbay@hotmail.com,Usha Mcbay,NULL,male,de,23
709,Bill.Carriere@icloud.com,Bill Carriere,Mydeo,female,be,59
710,Vasiliki.Frechette@outlook.com,Vasiliki Frechette,NULL,female,de,24
711,Jamar.Buechner@outlook.com,Jamar Buechner,Skyble,male,de,78
712,Tiffaney.Leith@live.com,Tiffaney Leith,Centimia,female,us,42
713,Palmira.Kawamura@hotmail.com,Palmira Kawamura,Avamm,female,de,60
714,Grant.Burd@hotmail.com,Grant Burd,NULL,male,tdc,68
715,Georgann.Woodward@outlook.com,Georgann Woodward,NULL,male,nl,27
716,Kendrick.Marco@hotmail.com,Kendrick Marco,Centimia,female,uk,77
717,Clarice.Carriere@xs4all.com,Clarice Carriere,Cogidoo,male,be,73
718,Twana.Boyter@outlook.com,Twana Boyter,NULL,male,uk,61
719,Allene.Gunnell@planet.nl,Allene Gunnell,Mydeo,female,nl,67
720,Twanda.Dube@icloud.com,Twanda Dube,NULL,male,tdc,33
721,Trudie.Armstead@me.com,Trudie Armstead,Flashset,female,de,64
722,Rebbecca.Henslee@me.com,Rebbecca Henslee,Avamm,female,us,24
723,Hui.Mauricio@outlook.com,Hui Mauricio,NULL,male,nl,19
724,Aretha.Younger@live.com,Aretha Younger,NULL,female,fr,21
725,Jodee.Venegas@gmail.com,Jodee Venegas,NULL,male,be,77
726,Lani.Speller@outlook.com,Lani Speller,Thoughtbridge,male,us,35
727,Dalila.Doner@planet.nl,Dalila Doner,NULL,female,us,75
728,Cris.Carriere@icloud.com,Cris Carriere,NULL,female,tdc,60
729,Chaya.Shoffner@icloud.com,Chaya Shoffner,NULL,male,fr,27
730,Esta.Cruz@xs4all.com,Esta Cruz,NULL,male,de,63
731,Ailene.Frechette@live.com,Ailene Frechette,NULL,female,fr,27
732,Zana.Given@live.com,Zana Given,NULL,male,nl,39
733,Toi.Kroeger@planet.nl,Toi Kroeger,NULL,female,us,76
734,Celestina.Mcnellis@live.com,Celestina Mcnellis,NULL,female,us,71
735,Alisha.Doucette@gmail.com,Alisha Doucette,NULL,female,nl,67
736,Twanna.Polich@icloud.com,Twanna Polich,NULL,female,de,69
737,Boyce.Doner@icloud.com,Boyce Doner,Babblestorm,male,uk,48
738,Florencio.Ream@gmail.com,Florencio Ream,NULL,male,fr,20
739,Deloise.Speller@hotmail.com,Deloise Speller,Blogtag,female,tdc,21
740,Hipolito.Kawamura@icloud.com,Hipolito Kawamura,NULL,male,be,19
741,Leta.Armistead@outlook.com,Leta Armistead,Skippad,male,fr,32
742,Anthony.Penniman@gmail.com,Anthony Penniman,NULL,male,us,18
743,Charlott.Terry@me.com,Charlott Terry,Youfeed,male,us,49
744,Pok.Leith@planet.nl,Pok Leith,NULL,female,fr,28
745,Wilber.Schaffner@planet.nl,Wilber Schaffner,NULL,female,de,27
746,Milly.Carvalho@me.com,Milly Carvalho,Wikizz,female,nl,42
747,Davida.Darden@outlook.com,Davida Darden,Mydeo,male,us,69
748,Tessa.Sumner@outlook.com,Tessa Sumner,NULL,male,nl,32
749,Beula.Shoffner@hotmail.com,Beula Shoffner,Babblestorm,female,uk,54
750,Bruno.Melton@xs4all.com,Bruno Melton,NULL,male,de,23
751,Irene.Mule@outlook.com,Irene Mule,Trilith,male,tdc,80
752,Ashley.Demark@planet.nl,Ashley Demark,NULL,male,fr,79
753,Irene.Leith@outlook.com,Irene Leith,NULL,female,tdc,42
754,Florencio.Mule@me.com,Florencio Mule,NULL,female,tdc,27
755,Penelope.Seybert@outlook.com,Penelope Seybert,Oozz,female,de,21
756,Britany.Rohan@outlook.com,Britany Rohan,Jatri,male,nl,35
757,Judi.Fielder@icloud.com,Judi Fielder,NULL,female,nl,26
758,Tessa.Kneip@planet.nl,Tessa Kneip,Chatterbridge,female,nl,73
759,Ramonita.Didonato@outlook.com,Ramonita Didonato,NULL,male,nl,40
760,Kimberlie.Venegas@xs4all.com,Kimberlie Venegas,NULL,male,us,24
761,Lavette.Cleaves@me.com,Lavette Cleaves,NULL,female,nl,21
762,Yasmine.Tooley@outlook.com,Yasmine Tooley,NULL,female,fr,21
763,Ashleigh.Ream@icloud.com,Ashleigh Ream,NULL,male,us,21
764,Lashon.Melton@me.com,Lashon Melton,Flipstorm,female,nl,77
765,Madalene.Roebuck@gmail.com,Madalene Roebuck,Viva,male,fr,78
766,Twanda.Garabedian@planet.nl,Twanda Garabedian,NULL,female,fr,46
767,Milly.Woodward@planet.nl,Milly Woodward,Innotype,male,de,73
768,Twanda.Mcnellis@planet.nl,Twanda Mcnellis,Livetube,male,nl,64
769,Anneliese.Doucette@planet.nl,Anneliese Doucette,NULL,male,uk,35
770,Alda.Dressler@planet.nl,Alda Dressler,NULL,male,uk,55
771,Grant.Tooker@hotmail.com,Grant Tooker,Oozz,male,nl,41
772,Kendrick.Dockstader@planet.nl,Kendrick Dockstader,NULL,male,de,72
773,Vasiliki.Carvalho@me.com,Vasiliki Carvalho,NULL,female,nl,53
774,Toi.Fuselier@live.com,Toi Fuselier,NULL,female,de,63
775,Cristine.Osterman@gmail.com,Cristine Osterman,NULL,male,us,79
776,Anthony.Kamel@xs4all.com,Anthony Kamel,NULL,female,de,74
777,Sharice.Dockstader@planet.nl,Sharice Dockstader,NULL,male,be,49
778,Keisha.Barco@live.com,Keisha Barco,NULL,male,be,53
779,Kimberlie.Kamel@gmail.com,Kimberlie Kamel,NULL,male,us,41
780,Tessa.Heap@icloud.com,Tessa Heap,NULL,female,us,26
781,Una.Cleaves@me.com,Una Cleaves,NULL,male,uk,39
782,Palmira.Dressler@gmail.com,Palmira Dressler,Browsetype,male,nl,47
783,Evelynn.Tropea@gmail.com,Evelynn Tropea,NULL,female,uk,76
784,Alisha.Mauricio@planet.nl,Alisha Mauricio,NULL,male,tdc,65
785,Virgie.Gustafson@live.com,Virgie Gustafson,NULL,female,uk,34
786,Kendrick.Seawell@outlook.com,Kendrick Seawell,NULL,male,fr,26
787,Ninfa.Jain@gmail.com,Ninfa Jain,NULL,female,fr,39
788,Essie.Larrimore@xs4all.com,Essie Larrimore,Bluezoom,male,us,65
789,Isis.Harder@hotmail.com,Isis Harder,NULL,male,be,43
790,Buford.Loso@live.com,Buford Loso,Cogidoo,male,nl,80
791,Mariel.Wolanski@outlook.com,Mariel Wolanski,Babblestorm,female,nl,50
792,Noreen.Mule@hotmail.com,Noreen Mule,NULL,male,be,46
793,Kendrick.Speller@hotmail.com,Kendrick Speller,NULL,male,be,50
794,Malinda.Cruz@live.com,Malinda Cruz,NULL,male,tdc,35
795,Donnetta.Arocha@gmail.com,Donnetta Arocha,NULL,male,us,73
796,Susana.Kawamura@me.com,Susana Kawamura,NULL,male,us,55
797,Allene.Doucette@hotmail.com,Allene Doucette,NULL,male,fr,18
798,Asuncion.Sprayberry@live.com,Asuncion Sprayberry,NULL,female,nl,79
799,Wei.Boyter@me.com,Wei Boyter,NULL,male,tdc,57
800,Margarett.Martines@icloud.com,Margarett Martines,Vimbo,female,uk,33
801,Kimberlie.Feinberg@planet.nl,Kimberlie Feinberg,NULL,female,de,22
802,Lashon.Feinberg@gmail.com,Lashon Feinberg,NULL,female,us,60
803,Clarice.Kirts@me.com,Clarice Kirts,NULL,male,be,44
804,Candis.Mizelle@icloud.com,Candis Mizelle,Jabbersphere,female,uk,62
805,Alessandra.Wasilewski@planet.nl,Alessandra Wasilewski,NULL,female,nl,52
806,Lynetta.Seawell@live.com,Lynetta Seawell,NULL,male,fr,50
807,Zoila.Cleaves@me.com,Zoila Cleaves,Photofeed,female,us,46
808,Irish.Bensinger@xs4all.com,Irish Bensinger,NULL,female,be,45
809,Cris.Woodward@xs4all.com,Cris Woodward,NULL,female,us,78
810,Benton.Selleck@live.com,Benton Selleck,Linktype,female,nl,50
811,Twanda.Kinsey@gmail.com,Twanda Kinsey,Chatterbridge,male,tdc,42
812,Sandi.Venegas@outlook.com,Sandi Venegas,NULL,female,nl,45
813,Tameka.Kirts@xs4all.com,Tameka Kirts,NULL,male,tdc,68
814,Irene.Roebuck@gmail.com,Irene Roebuck,Tagtune,male,us,49
815,Britany.Blumenthal@planet.nl,Britany Blumenthal,NULL,female,nl,35
816,Trudie.Ream@icloud.com,Trudie Ream,NULL,male,nl,31
817,Lashon.Tropea@xs4all.com,Lashon Tropea,Livetube,female,us,22
818,Vi.Tropea@me.com,Vi Tropea,NULL,female,nl,20
819,Mariel.Farless@me.com,Mariel Farless,NULL,male,uk,64
820,Jannet.Channell@xs4all.com,Jannet Channell,NULL,male,be,47
821,Noreen.Farless@me.com,Noreen Farless,Skimia,female,us,39
822,Lanell.Witham@me.com,Lanell Witham,Youspan,female,uk,67
823,Florencio.Picklesimer@me.com,Florencio Picklesimer,Skippad,male,us,68
824,Julieta.Kawamura@icloud.com,Julieta Kawamura,NULL,female,de,77
825,Jodee.Bray@outlook.com,Jodee Bray,Jatri,female,de,48
826,Jordon.Scarbrough@me.com,Jordon Scarbrough,NULL,female,uk,20
827,Machelle.Dube@icloud.com,Machelle Dube,NULL,female,de,24
828,Mittie.Osterman@planet.nl,Mittie Osterman,NULL,female,nl,72
829,Candis.Gasper@hotmail.com,Candis Gasper,NULL,male,be,69
830,Lili.Resendiz@live.com,Lili Resendiz,Katz,male,nl,53
831,Trisha.Kirts@xs4all.com,Trisha Kirts,Linktype,male,uk,47
832,Phebe.Frechette@icloud.com,Phebe Frechette,NULL,female,de,34
833,Donnetta.Tenner@live.com,Donnetta Tenner,NULL,male,be,41
834,Verda.Mcbay@hotmail.com,Verda Mcbay,Lajo,female,be,34
835,Milly.Gowans@icloud.com,Milly Gowans,NULL,male,nl,44
836,Buford.Atchley@me.com,Buford Atchley,NULL,male,uk,34
837,Esta.Eisenmann@live.com,Esta Eisenmann,NULL,male,nl,40
838,Machelle.Dockstader@hotmail.com,Machelle Dockstader,Skippad,male,be,65
839,Kai.Cleaves@planet.nl,Kai Cleaves,Youfeed,male,fr,70
840,Kai.Mattocks@icloud.com,Kai Mattocks,Youfeed,male,tdc,50
841,Ramonita.Kneip@xs4all.com,Ramonita Kneip,NULL,male,us,49
842,Chaya.Tooker@planet.nl,Chaya Tooker,NULL,male,be,74
843,Tameka.Speller@live.com,Tameka Speller,NULL,male,de,39
844,Colene.Crotty@hotmail.com,Colene Crotty,NULL,female,uk,20
845,Jodee.Mcnellis@hotmail.com,Jodee Mcnellis,Jabbersphere,male,de,42
846,Cris.Armstead@me.com,Cris Armstead,NULL,female,fr,25
847,Norene.Nader@gmail.com,Norene Nader,Agivu,male,us,64
848,Asuncion.Terry@hotmail.com,Asuncion Terry,Viva,male,de,43
849,Buford.Gowans@live.com,Buford Gowans,Youspan,male,be,73
850,Zana.Blevins@me.com,Zana Blevins,NULL,male,de,44
851,Romaine.Blevins@planet.nl,Romaine Blevins,NULL,male,nl,77
852,Teena.Kamel@outlook.com,Teena Kamel,NULL,male,uk,69
853,Pok.Pahl@live.com,Pok Pahl,NULL,male,tdc,56
854,Ashleigh.Canty@live.com,Ashleigh Canty,Skimia,female,us,39
855,Roberto.Buechner@hotmail.com,Roberto Buechner,NULL,female,be,70
856,Nakisha.Larrimore@planet.nl,Nakisha Larrimore,NULL,male,tdc,49
857,Carolyn.Mattocks@icloud.com,Carolyn Mattocks,NULL,male,de,41
858,Lavette.Merrell@me.com,Lavette Merrell,NULL,male,tdc,73
859,Kendrick.Harder@gmail.com,Kendrick Harder,NULL,female,fr,51
860,Markita.Gall@icloud.com,Markita Gall,Jatri,female,tdc,65
861,Leta.Scarbrough@outlook.com,Leta Scarbrough,NULL,male,fr,47
862,Antony.Vaden@xs4all.com,Antony Vaden,NULL,female,nl,72
863,Sirena.Cannaday@xs4all.com,Sirena Cannaday,Viva,female,us,75
864,Elmer.Kirts@live.com,Elmer Kirts,Katz,male,de,41
865,Irish.Baber@xs4all.com,Irish Baber,NULL,female,tdc,30
866,Pearline.Younger@icloud.com,Pearline Younger,Youfeed,female,tdc,32
867,Trudie.Mccaskey@xs4all.com,Trudie Mccaskey,NULL,female,be,24
868,Evelynn.Tatum@icloud.com,Evelynn Tatum,NULL,female,fr,80
869,Rebbecca.Doucette@hotmail.com,Rebbecca Doucette,Lajo,male,fr,79
870,Vasiliki.Lueck@xs4all.com,Vasiliki Lueck,NULL,male,de,63
871,Danette.Walther@me.com,Danette Walther,Lajo,male,tdc,30
872,Beula.Mcnellis@hotmail.com,Beula Mcnellis,NULL,male,de,71
873,Hershel.Tenner@hotmail.com,Hershel Tenner,NULL,male,uk,74
874,Virgie.Tenner@hotmail.com,Virgie Tenner,NULL,male,fr,70
875,Florencio.Wasilewski@outlook.com,Florencio Wasilewski,NULL,female,de,42
876,Alessandra.Harder@icloud.com,Alessandra Harder,Innotype,male,be,37
877,Nakisha.Scarbrough@planet.nl,Nakisha Scarbrough,NULL,male,de,34
878,Isis.Gunnell@outlook.com,Isis Gunnell,NULL,male,de,44
879,Arnetta.Cannaday@icloud.com,Arnetta Cannaday,NULL,female,tdc,49
880,Pamella.Shoffner@planet.nl,Pamella Shoffner,NULL,male,nl,25
881,Lynetta.Peacock@hotmail.com,Lynetta Peacock,Cogidoo,male,uk,46
882,Twanda.Seybert@xs4all.com,Twanda Seybert,NULL,female,us,71
883,Milly.Buechner@planet.nl,Milly Buechner,NULL,male,nl,29
884,Lili.Rousey@icloud.com,Lili Rousey,NULL,male,nl,56
885,Judi.Cruz@outlook.com,Judi Cruz,NULL,male,tdc,45
886,Sergio.Picklesimer@gmail.com,Sergio Picklesimer,NULL,female,be,75
887,Malinda.Blevins@icloud.com,Malinda Blevins,NULL,male,us,59
888,Edythe.Walther@xs4all.com,Edythe Walther,NULL,male,be,56
889,Fernande.Dakin@xs4all.com,Fernande Dakin,NULL,male,de,65
890,Elmer.Peacock@icloud.com,Elmer Peacock,NULL,female,us,20
891,Florencio.Jager@outlook.com,Florencio Jager,NULL,female,fr,18
892,Celeste.Pahl@me.com,Celeste Pahl,NULL,female,nl,32
893,Bill.Pattillo@me.com,Bill Pattillo,NULL,male,tdc,67
894,Rodrick.Kirts@me.com,Rodrick Kirts,NULL,male,uk,74
895,Wonda.Smolen@gmail.com,Wonda Smolen,Layo,female,de,56
896,Sadie.Gallant@hotmail.com,Sadie Gallant,NULL,male,fr,32
897,Ming.Frechette@live.com,Ming Frechette,NULL,male,uk,71
898,Hipolito.Cleaves@live.com,Hipolito Cleaves,NULL,female,uk,49
899,Garrett.Kroeger@gmail.com,Garrett Kroeger,NULL,female,us,75
900,Kimberlie.Tooker@gmail.com,Kimberlie Tooker,Ainyx,male,fr,69
901,Keisha.Woodward@me.com,Keisha Woodward,NULL,female,be,33
902,Rebbecca.Mcnellis@icloud.com,Rebbecca Mcnellis,NULL,male,tdc,51
903,Evelynn.Corpuz@icloud.com,Evelynn Corpuz,Linktype,female,fr,71
904,Johnette.Mattocks@me.com,Johnette Mattocks,NULL,male,de,38
905,Firstnames.Given@live.com,Firstnames Given,NULL,male,de,22
906,Rodrick.Kroeger@me.com,Rodrick Kroeger,Oozz,female,fr,73
907,Arnetta.Bray@xs4all.com,Arnetta Bray,NULL,female,fr,62
908,Denice.Salvas@me.com,Denice Salvas,Youspan,female,fr,62
909,Malinda.Wasilewski@live.com,Malinda Wasilewski,NULL,female,fr,40
910,Florencio.Carriere@outlook.com,Florencio Carriere,NULL,male,us,57
911,Benton.Harder@planet.nl,Benton Harder,NULL,female,uk,50
912,Twana.Kamel@hotmail.com,Twana Kamel,NULL,female,uk,24
913,Werner.Berenbaum@gmail.com,Werner Berenbaum,Bluezoom,male,uk,61
914,Santiago.Virgil@live.com,Santiago Virgil,Flashset,female,uk,49
915,Lavada.Leith@hotmail.com,Lavada Leith,NULL,female,be,40
916,Lona.Stirling@xs4all.com,Lona Stirling,NULL,female,fr,30
917,Twanda.Callahan@outlook.com,Twanda Callahan,NULL,female,de,60
918,Clarice.Nader@outlook.com,Clarice Nader,NULL,male,fr,61
919,Tiffaney.Pahl@hotmail.com,Tiffaney Pahl,Avamm,male,uk,27
920,Sirena.Jobe@live.com,Sirena Jobe,NULL,female,be,60
921,Ouida.Vanscyoc@me.com,Ouida Vanscyoc,NULL,female,de,32
922,Arnita.Marco@hotmail.com,Arnita Marco,Flipstorm,female,de,44
923,Sergio.Calabria@icloud.com,Sergio Calabria,Yoveo,female,us,49
924,Mirian.Rollman@planet.nl,Mirian Rollman,Livetube,female,uk,61
925,Kylee.Doner@hotmail.com,Kylee Doner,NULL,male,be,59
926,Carolyn.Farless@gmail.com,Carolyn Farless,NULL,female,nl,64
927,Ninfa.Eisenmann@gmail.com,Ninfa Eisenmann,Bluezoom,female,tdc,76
928,Kizzy.Heap@live.com,Kizzy Heap,Ainyx,female,de,45
929,Sadie.Stirling@hotmail.com,Sadie Stirling,NULL,female,tdc,70
930,Norene.Sheely@outlook.com,Norene Sheely,Flipstorm,male,uk,76
931,Ouida.Tooley@icloud.com,Ouida Tooley,Livetube,female,de,29
932,Mariel.Tooker@icloud.com,Mariel Tooker,NULL,female,fr,46
933,Ailene.Crotty@icloud.com,Ailene Crotty,NULL,female,de,50
934,Cira.Dakin@gmail.com,Cira Dakin,NULL,female,fr,29
935,Pearline.Wingard@xs4all.com,Pearline Wingard,NULL,male,us,47
936,Mariana.Briscoe@me.com,Mariana Briscoe,NULL,male,nl,75
937,Leta.Witmer@gmail.com,Leta Witmer,NULL,female,uk,40
938,Bill.Derby@gmail.com,Bill Derby,NULL,female,uk,65
939,Arnita.Dube@planet.nl,Arnita Dube,NULL,male,uk,72
940,Keesha.Calabria@xs4all.com,Keesha Calabria,NULL,male,us,26
941,Fallon.Pahl@outlook.com,Fallon Pahl,NULL,female,tdc,80
942,Mittie.Shoffner@planet.nl,Mittie Shoffner,NULL,female,uk,27
943,Hiram.Kneip@outlook.com,Hiram Kneip,NULL,male,be,50
944,Trisha.Salvas@icloud.com,Trisha Salvas,NULL,male,be,51
945,Donnetta.Polich@hotmail.com,Donnetta Polich,NULL,female,tdc,79
946,Lasandra.Jain@xs4all.com,Lasandra Jain,NULL,female,uk,57
947,Jannet.Boyter@live.com,Jannet Boyter,Mydeo,female,tdc,56
948,Kendrick.Pahl@me.com,Kendrick Pahl,Photofeed,male,be,59
949,Machelle.Wolanski@me.com,Machelle Wolanski,Centimia,male,be,79
950,Hipolito.Smolen@planet.nl,Hipolito Smolen,NULL,female,us,31
951,Neil.Mccaskey@xs4all.com,Neil Mccaskey,NULL,female,fr,42
952,Ailene.Blumenthal@xs4all.com,Ailene Blumenthal,NULL,male,fr,58
953,Boyce.Younger@hotmail.com,Boyce Younger,NULL,male,tdc,76
954,Neil.Boyter@gmail.com,Neil Boyter,Tagtune,male,nl,56
955,Chu.Grosso@gmail.com,Chu Grosso,NULL,male,de,44
956,Jamar.Aguilar@planet.nl,Jamar Aguilar,NULL,female,nl,22
957,Fallon.Pattillo@xs4all.com,Fallon Pattillo,NULL,female,us,35
958,Mariel.Vanderveer@me.com,Mariel Vanderveer,NULL,female,de,55
959,Dalila.Pender@xs4all.com,Dalila Pender,NULL,male,uk,55
960,Sergio.Matthes@me.com,Sergio Matthes,NULL,male,us,48
961,Ming.Harder@xs4all.com,Ming Harder,Youspan,female,be,66
962,Kendrick.Jobe@live.com,Kendrick Jobe,NULL,male,uk,55
963,Renaldo.Fulp@live.com,Renaldo Fulp,NULL,female,be,53
964,Oliva.Gallant@hotmail.com,Oliva Gallant,NULL,female,fr,49
965,Teena.Fitzgibbon@live.com,Teena Fitzgibbon,NULL,female,uk,53
966,Arnita.Roebuck@icloud.com,Arnita Roebuck,Skimia,female,be,74
967,Hiram.Derby@icloud.com,Hiram Derby,NULL,female,be,46
968,Kimberlie.Harder@gmail.com,Kimberlie Harder,NULL,female,uk,57
969,Lavette.Gasper@hotmail.com,Lavette Gasper,NULL,male,de,70
970,Mittie.Calabria@me.com,Mittie Calabria,Babblestorm,female,fr,29
971,Malinda.Doucette@hotmail.com,Malinda Doucette,NULL,male,nl,20
972,Elba.Crotty@icloud.com,Elba Crotty,Bluezoom,female,fr,44
973,Renaldo.Tatum@me.com,Renaldo Tatum,NULL,female,nl,51
974,Chaya.Nader@gmail.com,Chaya Nader,Skippad,male,nl,65
975,Ninfa.Virgil@me.com,Ninfa Virgil,NULL,male,us,76
976,Isis.Marco@live.com,Isis Marco,NULL,male,de,42
977,Kai.Polich@icloud.com,Kai Polich,NULL,male,be,66
978,Milly.Garabedian@me.com,Milly Garabedian,NULL,female,nl,22
979,Janey.Fuselier@xs4all.com,Janey Fuselier,Jabbersphere,male,nl,48
980,Providencia.Wasilewski@hotmail.com,Providencia Wasilewski,NULL,male,tdc,47
981,Robbie.Garabedian@outlook.com,Robbie Garabedian,NULL,female,us,59
982,Bruno.Larrimore@me.com,Bruno Larrimore,NULL,female,de,50
983,Judi.Sheely@xs4all.com,Judi Sheely,Buzzdog,male,tdc,45
984,Britany.Mccampbell@xs4all.com,Britany Mccampbell,NULL,male,us,52
985,Bruno.Calfee@icloud.com,Bruno Calfee,NULL,female,tdc,24
986,Werner.Garabedian@icloud.com,Werner Garabedian,Youspan,female,fr,70
987,Kizzy.Venegas@hotmail.com,Kizzy Venegas,Ainyx,male,uk,42
988,Lili.Salvas@planet.nl,Lili Salvas,NULL,male,nl,39
989,Fernande.Doucette@gmail.com,Fernande Doucette,Meevee,female,de,67
990,Lavette.Gowans@gmail.com,Lavette Gowans,NULL,female,nl,59
991,Lynetta.Boyter@hotmail.com,Lynetta Boyter,NULL,male,be,27
992,Kendrick.Baber@me.com,Kendrick Baber,NULL,male,nl,57
993,Thu.Grunewald@xs4all.com,Thu Grunewald,Skyble,female,tdc,41
994,Cris.Bourassa@outlook.com,Cris Bourassa,Ainyx,female,nl,30
995,Nakisha.Monte@planet.nl,Nakisha Monte,NULL,male,nl,37
996,Palmira.Vanscyoc@live.com,Palmira Vanscyoc,NULL,female,de,54
997,Phebe.Venegas@icloud.com,Phebe Venegas,NULL,male,fr,52
998,Trisha.Frechette@gmail.com,Trisha Frechette,NULL,male,de,27
999,Susana.Kirts@gmail.com,Susana Kirts,NULL,male,be,32
