0,Verda.Kneip@xs4all.com,Verda Kneip,Buzzdog,male,de
1,Judi.Keasey@gmail.com,Judi Keasey,NULL,female,tdc
2,Britany.Barco@xs4all.com,Britany Barco,NULL,female,de
3,Judi.Larrimore@gmail.com,Judi Larrimore,NULL,female,tdc
4,Evelynn.Harder@gmail.com,Evelynn Harder,NULL,female,be
5,Mariana.Witmer@outlook.com,Mariana Witmer,Layo,male,be
6,Cortez.Kamel@icloud.com,Cortez Kamel,Ainyx,female,fr
7,Trudie.Tooker@outlook.com,Trudie Tooker,NULL,female,us
8,Keesha.Mcbay@hotmail.com,Keesha Mcbay,NULL,female,be
9,Pearline.Calabria@outlook.com,Pearline Calabria,NULL,male,fr
10,Susana.Groh@icloud.com,Susana Groh,NULL,female,fr
11,Jordon.Kirts@xs4all.com,Jordon Kirts,Babblestorm,male,be
12,Essie.Callahan@planet.nl,Essie Callahan,NULL,female,nl
13,Bell.Callahan@planet.nl,Bell Callahan,NULL,male,be
14,Cris.Oathout@gmail.com,Cris Oathout,NULL,female,fr
15,Sergio.Buechner@icloud.com,Sergio Buechner,NULL,male,be
16,Pearline.Woodward@gmail.com,Pearline Woodward,Buzzdog,female,us
17,Phebe.Mirando@xs4all.com,Phebe Mirando,NULL,female,fr
18,Ming.Loso@live.com,Ming Loso,Linktype,male,fr
19,Concha.Derby@icloud.com,Concha Derby,Avamm,male,nl
20,Judi.Stirling@icloud.com,Judi Stirling,Viva,male,us
21,Toi.Tooker@outlook.com,Toi Tooker,Katz,female,nl
22,Jordon.Chipman@live.com,Jordon Chipman,Lajo,female,uk
23,Usha.Oathout@hotmail.com,Usha Oathout,Linktype,female,be
24,Charlott.Speller@icloud.com,Charlott Speller,NULL,male,fr
25,Janita.Stirling@live.com,Janita Stirling,NULL,female,de
26,Sharice.Fielder@icloud.com,Sharice Fielder,NULL,male,nl
27,Mitzi.Harder@gmail.com,Mitzi Harder,Bluezoom,male,uk
28,Bruno.Atchley@live.com,Bruno Atchley,Youopia,female,fr
29,Mckenzie.Heider@gmail.com,Mckenzie Heider,NULL,female,us
30,Neil.Merrell@live.com,Neil Merrell,NULL,male,us
31,Ouida.Leith@xs4all.com,Ouida Leith,NULL,male,uk
32,Mariana.Pahl@icloud.com,Mariana Pahl,NULL,male,nl
33,Genia.Carvalho@me.com,Genia Carvalho,NULL,male,us
34,Rodger.Witmer@icloud.com,Rodger Witmer,NULL,male,fr
35,Jordon.Henslee@icloud.com,Jordon Henslee,Skinder,male,fr
36,Carmen.Gowans@planet.nl,Carmen Gowans,NULL,male,tdc
37,Keesha.Gebhardt@live.com,Keesha Gebhardt,NULL,male,nl
38,Susana.Picklesimer@live.com,Susana Picklesimer,NULL,female,fr
39,Asuncion.Netter@hotmail.com,Asuncion Netter,NULL,male,nl
40,Twanna.Fitzgibbon@gmail.com,Twanna Fitzgibbon,NULL,female,nl
41,Queen.Tropea@me.com,Queen Tropea,Babblestorm,female,nl
42,Zana.Lighty@live.com,Zana Lighty,NULL,female,fr
43,Mara.Arocha@me.com,Mara Arocha,NULL,male,tdc
44,Ashleigh.Larrimore@live.com,Ashleigh Larrimore,NULL,male,nl
45,Cira.Cleaves@outlook.com,Cira Cleaves,Youfeed,female,nl
46,Fallon.Merrell@gmail.com,Fallon Merrell,NULL,female,de
47,Providencia.Wingard@me.com,Providencia Wingard,NULL,male,nl
48,Margarett.Stirling@outlook.com,Margarett Stirling,Ntag,female,us
49,Noreen.Beem@gmail.com,Noreen Beem,Meevee,female,fr
